,discog_year
0,2009.0
1,0.0
2,1967.0
3,2006.0
4,1976.0
5,1990.0
6,1991.0
7,2013.0
8,2009.0
9,2012.0
10,2010.0
11,2004.0
12,
13,1996.0
14,1973.0
15,1999.0
16,1974.0
17,
18,
19,
20,
21,
22,
23,
24,
25,
26,
27,
28,
29,
30,2015.0
31,
32,
33,1978.0
34,
35,1978.0
36,
37,
38,
39,
40,
41,
42,2002.0
43,
44,
45,
46,
47,
48,
49,2001.0
50,
51,0.0
52,
53,
54,2013.0
55,2013.0
56,1994.0
57,
58,
59,2010.0
60,
61,
62,2016.0
63,2010.0
64,
65,2010.0
66,
67,0.0
68,
69,2002.0
70,
71,0.0
72,
73,2010.0
74,
75,1971.0
76,
77,
78,2006.0
79,
80,1979.0
81,
82,
83,1996.0
84,
85,
86,
87,1975.0
88,2005.0
89,
90,
91,2002.0
92,
93,1976.0
94,
95,1969.0
96,
97,
98,
99,0.0
100,
101,2000.0
102,
103,
104,2015.0
105,
106,
107,2004.0
108,
109,2002.0
110,
111,2004.0
112,
113,2007.0
114,
115,2008.0
116,
117,1982.0
118,
119,
120,0.0
121,
122,
123,
124,
125,2015.0
126,
127,2017.0
128,
129,
130,1989.0
131,
132,2015.0
133,
134,2005.0
135,
136,
137,
138,1978.0
139,
140,1976.0
141,
142,2012.0
143,
144,2005.0
145,
146,2016.0
147,
148,2009.0
149,
150,0.0
151,
152,2015.0
153,
154,0.0
155,
156,2014.0
157,
158,1966.0
159,
160,1997.0
161,
162,1986.0
163,
164,0.0
165,
166,2007.0
167,
168,1992.0
169,
170,1973.0
171,
172,2010.0
173,
174,1970.0
175,
176,2017.0
177,
178,2014.0
179,
180,0.0
181,
182,2010.0
183,
184,2012.0
185,
186,2017.0
187,
188,2017.0
189,
190,2016.0
191,
192,2017.0
193,
194,2016.0
195,
196,2017.0
197,
198,1996.0
199,
200,2010.0
201,
202,1997.0
203,
204,1996.0
205,
206,1997.0
207,
208,2013.0
209,
210,2013.0
211,
212,2001.0
213,
214,1981.0
215,
216,2013.0
217,
218,0.0
219,
220,2016.0
221,
222,1969.0
223,
224,1983.0
225,
226,1972.0
227,
228,
229,2010.0
230,
231,2018.0
232,
233,2016.0
234,
235,1992.0
236,
237,1993.0
238,
239,2005.0
240,
241,
242,2017.0
243,
244,1975.0
245,
246,2016.0
247,
248,1986.0
249,
250,1983.0
251,
252,2006.0
253,
254,2003.0
255,
256,1970.0
257,
258,2016.0
259,
260,1975.0
261,
262,1976.0
263,
264,2006.0
265,
266,1997.0
267,
268,2006.0
269,
270,2006.0
271,
272,1972.0
273,
274,2009.0
275,
276,1980.0
277,
278,
279,
280,
281,
282,
283,
284,2002.0
285,
286,1999.0
287,
288,2001.0
289,
290,
291,
292,
293,1971.0
294,
295,
296,
297,2014.0
298,
299,
300,1969.0
301,
302,0.0
303,
304,0.0
305,
306,2007.0
307,
308,
309,2006.0
310,
311,
312,2015.0
313,
314,1975.0
315,
316,1974.0
317,
318,
319,
320,
321,0.0
322,1970.0
323,
324,
325,0.0
326,
327,1970.0
328,
329,2002.0
330,
331,
332,
333,1988.0
334,
335,2015.0
336,
337,1984.0
338,
339,1975.0
340,
341,1995.0
342,
343,0.0
344,
345,1983.0
346,
347,1972.0
348,
349,2002.0
350,
351,1999.0
352,
353,2008.0
354,
355,2008.0
356,
357,2003.0
358,
359,1971.0
360,
361,2000.0
362,
363,2002.0
364,
365,
366,
367,2003.0
368,
369,
370,0.0
371,
372,
373,0.0
374,
375,2005.0
376,
377,0.0
378,
379,
380,
381,1980.0
382,
383,1975.0
384,
385,2005.0
386,
387,1994.0
388,
389,
390,
391,
392,
393,1997.0
394,
395,
396,1970.0
397,
398,
399,2009.0
400,
401,
402,
403,2007.0
404,
405,2014.0
406,
407,1965.0
408,
409,1974.0
410,
411,1972.0
412,
413,2002.0
414,
415,
416,2006.0
417,
418,2009.0
419,
420,
421,1970.0
422,
423,0.0
424,
425,2018.0
426,
427,1983.0
428,
429,1996.0
430,
431,0.0
432,
433,1981.0
434,
435,2002.0
436,
437,1979.0
438,
439,2015.0
440,
441,1985.0
442,
443,1971.0
444,
445,1991.0
446,
447,1991.0
448,
449,2013.0
450,
451,1991.0
452,
453,2012.0
454,
455,
456,
457,1991.0
458,2017.0
459,
460,1977.0
461,
462,0.0
463,
464,1992.0
465,
466,1987.0
467,
468,1983.0
469,
470,1971.0
471,
472,2005.0
473,
474,
475,
476,0.0
477,
478,
479,1983.0
480,
481,1985.0
482,
483,1980.0
484,
485,2002.0
486,
487,2011.0
488,
489,1994.0
490,
491,1993.0
492,
493,1998.0
494,
495,1998.0
496,
497,1981.0
498,
499,2011.0
500,
501,2010.0
502,
503,1999.0
504,
505,2001.0
506,
507,1978.0
508,
509,0.0
510,
511,1974.0
512,
513,1993.0
514,
515,1978.0
516,
517,1977.0
518,
519,1979.0
520,
521,1997.0
522,
523,2003.0
524,
525,2003.0
526,
527,2011.0
528,
529,1986.0
530,
531,0.0
532,
533,2000.0
534,
535,2013.0
536,
537,0.0
538,
539,1970.0
540,
541,1979.0
542,
543,1980.0
544,
545,1984.0
546,
547,
548,2014.0
549,
550,2018.0
551,
552,1982.0
553,
554,1999.0
555,
556,1979.0
557,
558,2014.0
559,
560,1998.0
561,
562,2016.0
563,
564,1974.0
565,
566,1966.0
567,
568,0.0
569,
570,1984.0
571,
572,1994.0
573,
574,
575,2003.0
576,
577,1982.0
578,
579,2010.0
580,
581,1970.0
582,
583,1976.0
584,
585,2016.0
586,
587,1975.0
588,
589,1978.0
590,
591,
592,1972.0
593,
594,1997.0
595,
596,2000.0
597,
598,2012.0
599,
600,2013.0
601,
602,1995.0
603,
604,1978.0
605,
606,1973.0
607,
608,1977.0
609,
610,1993.0
611,
612,1999.0
613,
614,1991.0
615,
616,1991.0
617,
618,1989.0
619,
620,1979.0
621,
622,2017.0
623,
624,0.0
625,
626,
627,2016.0
628,
629,1992.0
630,
631,1979.0
632,
633,1998.0
634,
635,2005.0
636,
637,2007.0
638,
639,2017.0
640,
641,2009.0
642,
643,2009.0
644,
645,2016.0
646,
647,1977.0
648,
649,2006.0
650,
651,2012.0
652,
653,2011.0
654,
655,1976.0
656,
657,0.0
658,
659,1997.0
660,
661,1993.0
662,
663,2016.0
664,
665,2005.0
666,
667,1998.0
668,
669,2010.0
670,
671,1978.0
672,
673,2005.0
674,
675,1980.0
676,
677,1978.0
678,
679,2010.0
680,
681,2009.0
682,
683,1999.0
684,
685,2005.0
686,
687,1979.0
688,
689,2016.0
690,
691,1978.0
692,
693,1972.0
694,
695,2016.0
696,
697,1982.0
698,
699,1978.0
700,
701,1997.0
702,
703,1974.0
704,
705,2004.0
706,
707,1991.0
708,
709,1982.0
710,
711,1977.0
712,
713,1973.0
714,
715,1977.0
716,
717,2015.0
718,
719,2015.0
720,
721,1977.0
722,
723,1991.0
724,
725,2018.0
726,
727,1968.0
728,
729,0.0
730,
731,2016.0
732,
733,0.0
734,
735,1983.0
736,
737,1983.0
738,
739,1974.0
740,
741,1986.0
742,
743,2015.0
744,
745,1965.0
746,
747,0.0
748,
749,2011.0
750,
751,1977.0
752,
753,2006.0
754,
755,2003.0
756,
757,2004.0
758,
759,2010.0
760,
761,2013.0
762,
763,2016.0
764,
765,1970.0
766,
767,2015.0
768,
769,1992.0
770,
771,2004.0
772,
773,1980.0
774,
775,1977.0
776,
777,2017.0
778,
779,2010.0
780,
781,1995.0
782,
783,2012.0
784,
785,1985.0
786,
787,2013.0
788,
789,2005.0
790,
791,1972.0
792,
793,1969.0
794,
795,1981.0
796,
797,1986.0
798,
799,1992.0
800,
801,1967.0
802,
803,2011.0
804,
805,2000.0
806,
807,1979.0
808,
809,1983.0
810,
811,1998.0
812,
813,1993.0
814,
815,1991.0
816,
817,2013.0
818,
819,1999.0
820,
821,2013.0
822,
823,2011.0
824,
825,1979.0
826,
827,2005.0
828,
829,
830,
831,
832,1991.0
833,2009.0
834,
835,2016.0
836,
837,1989.0
838,
839,1978.0
840,
841,1991.0
842,
843,1983.0
844,
845,1999.0
846,
847,2010.0
848,
849,1982.0
850,
851,2002.0
852,
853,2002.0
854,
855,2014.0
856,
857,1999.0
858,
859,2013.0
860,
861,1996.0
862,
863,1988.0
864,
865,1987.0
866,
867,2013.0
868,
869,2013.0
870,
871,1983.0
872,
873,1979.0
874,
875,1974.0
876,
877,1981.0
878,
879,1992.0
880,
881,1979.0
882,
883,1989.0
884,
885,2015.0
886,
887,1976.0
888,
889,1984.0
890,
891,0.0
892,
893,2008.0
894,
895,
896,1998.0
897,
898,0.0
899,
900,1995.0
901,
902,2016.0
903,
904,0.0
905,
906,1998.0
907,
908,2001.0
909,
910,1972.0
911,
912,1977.0
913,
914,1983.0
915,
916,1977.0
917,
918,1980.0
919,
920,1966.0
921,
922,2006.0
923,
924,0.0
925,
926,1996.0
927,
928,1996.0
929,
930,0.0
931,
932,
933,1996.0
934,
935,0.0
936,
937,1982.0
938,
939,1996.0
940,
941,1975.0
942,
943,1996.0
944,
945,2012.0
946,
947,0.0
948,
949,1989.0
950,
951,2015.0
952,
953,2007.0
954,
955,1978.0
956,
957,2009.0
958,
959,1992.0
960,
961,2008.0
962,
963,1995.0
964,
965,2007.0
966,
967,1998.0
968,
969,1986.0
970,
971,2011.0
972,
973,1966.0
974,
975,0.0
976,
977,1980.0
978,
979,2014.0
980,
981,1971.0
982,
983,1990.0
984,
985,2009.0
986,
987,1995.0
988,
989,2007.0
990,
991,0.0
992,
993,1978.0
994,
995,2009.0
996,
997,2007.0
998,
999,
1000,2012.0
1001,
1002,1999.0
1003,
1004,1986.0
1005,
1006,1977.0
1007,
1008,1973.0
1009,
1010,2011.0
1011,
1012,
1013,0.0
1014,
1015,0.0
1016,
1017,2003.0
1018,
1019,1999.0
1020,
1021,
1022,2010.0
1023,
1024,2005.0
1025,
1026,2009.0
1027,
1028,2014.0
1029,
1030,
1031,1987.0
1032,
1033,
1034,1976.0
1035,1992.0
1036,
1037,0.0
1038,
1039,1989.0
1040,
1041,1973.0
1042,
1043,2015.0
1044,
1045,2009.0
1046,
1047,1997.0
1048,
1049,1997.0
1050,
1051,1989.0
1052,
1053,2007.0
1054,
1055,0.0
1056,
1057,1987.0
1058,
1059,2005.0
1060,
1061,0.0
1062,
1063,1986.0
1064,
1065,1975.0
1066,
1067,1978.0
1068,
1069,1989.0
1070,
1071,1974.0
1072,
1073,0.0
1074,
1075,1997.0
1076,
1077,1987.0
1078,
1079,
1080,1997.0
1081,
1082,2008.0
1083,
1084,2008.0
1085,
1086,2008.0
1087,
1088,1972.0
1089,
1090,1996.0
1091,
1092,2011.0
1093,
1094,2017.0
1095,
1096,0.0
1097,
1098,1970.0
1099,
1100,0.0
1101,
1102,2015.0
1103,
1104,2012.0
1105,
1106,2016.0
1107,
1108,0.0
1109,
1110,2015.0
1111,
1112,1973.0
1113,
1114,0.0
1115,
1116,2016.0
1117,
1118,0.0
1119,
1120,1999.0
1121,
1122,0.0
1123,
1124,1998.0
1125,
1126,0.0
1127,
1128,1963.0
1129,
1130,1974.0
1131,
1132,1972.0
1133,
1134,2016.0
1135,
1136,0.0
1137,
1138,
1139,1970.0
1140,
1141,
1142,0.0
1143,
1144,1992.0
1145,
1146,
1147,1996.0
1148,
1149,0.0
1150,
1151,0.0
1152,
1153,1986.0
1154,
1155,1972.0
1156,
1157,1974.0
1158,
1159,2007.0
1160,
1161,2008.0
1162,
1163,
1164,
1165,1974.0
1166,1971.0
1167,
1168,
1169,1985.0
1170,
1171,0.0
1172,
1173,1975.0
1174,
1175,1974.0
1176,
1177,2010.0
1178,
1179,0.0
1180,
1181,1970.0
1182,
1183,
1184,1962.0
1185,
1186,
1187,1996.0
1188,0.0
1189,
1190,2012.0
1191,
1192,0.0
1193,
1194,1990.0
1195,
1196,1993.0
1197,
1198,0.0
1199,
1200,1988.0
1201,
1202,0.0
1203,
1204,1975.0
1205,
1206,1972.0
1207,
1208,1988.0
1209,
1210,1990.0
1211,
1212,1995.0
1213,
1214,2003.0
1215,
1216,2003.0
1217,
1218,1993.0
1219,
1220,1998.0
1221,
1222,1993.0
1223,
1224,
1225,
1226,2011.0
1227,1972.0
1228,
1229,1993.0
1230,
1231,1998.0
1232,
1233,1993.0
1234,
1235,1975.0
1236,
1237,1970.0
1238,
1239,1993.0
1240,
1241,1971.0
1242,
1243,1969.0
1244,
1245,1998.0
1246,
1247,1995.0
1248,
1249,1968.0
1250,
1251,1968.0
1252,
1253,1988.0
1254,
1255,2016.0
1256,
1257,2004.0
1258,
1259,1980.0
1260,
1261,
1262,2008.0
1263,0.0
1264,
1265,2017.0
1266,
1267,1993.0
1268,
1269,1975.0
1270,
1271,2001.0
1272,
1273,2015.0
1274,
1275,2010.0
1276,
1277,2015.0
1278,
1279,2016.0
1280,
1281,2015.0
1282,
1283,2015.0
1284,
1285,2000.0
1286,
1287,
1288,2015.0
1289,
1290,0.0
1291,
1292,1970.0
1293,
1294,1985.0
1295,
1296,2015.0
1297,
1298,2012.0
1299,
1300,0.0
1301,
1302,1984.0
1303,
1304,2013.0
1305,
1306,2003.0
1307,
1308,1986.0
1309,
1310,1981.0
1311,
1312,2015.0
1313,
1314,1966.0
1315,
1316,2002.0
1317,
1318,2004.0
1319,
1320,1974.0
1321,
1322,2012.0
1323,
1324,2006.0
1325,
1326,1992.0
1327,
1328,2014.0
1329,
1330,2012.0
1331,
1332,2014.0
1333,
1334,2017.0
1335,
1336,2016.0
1337,
1338,2016.0
1339,
1340,1982.0
1341,
1342,2012.0
1343,
1344,2015.0
1345,
1346,2015.0
1347,
1348,2018.0
1349,
1350,1988.0
1351,
1352,2014.0
1353,
1354,2015.0
1355,
1356,2018.0
1357,
1358,2013.0
1359,
1360,2015.0
1361,
1362,0.0
1363,
1364,1992.0
1365,
1366,0.0
1367,
1368,
1369,2006.0
1370,
1371,0.0
1372,
1373,
1374,
1375,2000.0
1376,1972.0
1377,
1378,0.0
1379,
1380,0.0
1381,
1382,1970.0
1383,
1384,1981.0
1385,
1386,1976.0
1387,
1388,
1389,
1390,1995.0
1391,1967.0
1392,
1393,
1394,
1395,2016.0
1396,2002.0
1397,
1398,2002.0
1399,
1400,2002.0
1401,
1402,2002.0
1403,
1404,2017.0
1405,
1406,
1407,2002.0
1408,
1409,2002.0
1410,
1411,2002.0
1412,
1413,
1414,1983.0
1415,
1416,2018.0
1417,
1418,2005.0
1419,
1420,2014.0
1421,
1422,2008.0
1423,
1424,1997.0
1425,
1426,1971.0
1427,
1428,1996.0
1429,
1430,2011.0
1431,
1432,1971.0
1433,
1434,2017.0
1435,
1436,2017.0
1437,
1438,2009.0
1439,
1440,2017.0
1441,
1442,2016.0
1443,
1444,2011.0
1445,
1446,2016.0
1447,
1448,2013.0
1449,
1450,2008.0
1451,
1452,2000.0
1453,
1454,2011.0
1455,
1456,2015.0
1457,
1458,2011.0
1459,
1460,2011.0
1461,
1462,0.0
1463,
1464,2012.0
1465,
1466,2013.0
1467,
1468,2011.0
1469,
1470,2013.0
1471,
1472,0.0
1473,
1474,1976.0
1475,
1476,1999.0
1477,
1478,1986.0
1479,
1480,2012.0
1481,
1482,1976.0
1483,
1484,1977.0
1485,
1486,1998.0
1487,
1488,1991.0
1489,
1490,
1491,
1492,0.0
1493,1999.0
1494,
1495,1976.0
1496,
1497,1998.0
1498,
1499,
1500,1998.0
1501,
1502,0.0
1503,
1504,1974.0
1505,
1506,1977.0
1507,
1508,0.0
1509,
1510,1973.0
1511,
1512,2000.0
1513,
1514,2004.0
1515,
1516,1973.0
1517,
1518,1982.0
1519,
1520,2004.0
1521,
1522,1980.0
1523,
1524,2006.0
1525,
1526,1986.0
1527,
1528,0.0
1529,
1530,2000.0
1531,
1532,2000.0
1533,
1534,1997.0
1535,
1536,2016.0
1537,
1538,1975.0
1539,
1540,2006.0
1541,
1542,2002.0
1543,
1544,1977.0
1545,
1546,1981.0
1547,
1548,0.0
1549,
1550,1991.0
1551,
1552,
1553,1967.0
1554,1987.0
1555,
1556,
1557,
1558,1975.0
1559,
1560,0.0
1561,
1562,1982.0
1563,
1564,1997.0
1565,
1566,2007.0
1567,
1568,0.0
1569,
1570,1993.0
1571,
1572,1997.0
1573,
1574,
1575,2001.0
1576,
1577,2012.0
1578,
1579,2004.0
1580,
1581,1974.0
1582,
1583,2000.0
1584,
1585,0.0
1586,
1587,1989.0
1588,
1589,2004.0
1590,
1591,2012.0
1592,
1593,2000.0
1594,
1595,0.0
1596,
1597,2006.0
1598,
1599,2004.0
1600,
1601,2004.0
1602,
1603,1972.0
1604,
1605,1973.0
1606,
1607,
1608,1993.0
1609,
1610,1977.0
1611,
1612,2011.0
1613,
1614,1978.0
1615,
1616,1991.0
1617,
1618,
1619,2005.0
1620,1997.0
1621,
1622,2007.0
1623,
1624,1996.0
1625,
1626,1981.0
1627,
1628,2002.0
1629,
1630,2015.0
1631,
1632,1975.0
1633,
1634,1993.0
1635,
1636,1998.0
1637,
1638,1975.0
1639,
1640,2014.0
1641,
1642,1981.0
1643,
1644,0.0
1645,
1646,2007.0
1647,
1648,2015.0
1649,
1650,1998.0
1651,
1652,1993.0
1653,
1654,0.0
1655,
1656,2016.0
1657,
1658,2011.0
1659,
1660,1973.0
1661,
1662,1970.0
1663,
1664,1980.0
1665,
1666,
1667,1993.0
1668,
1669,
1670,1973.0
1671,
1672,
1673,2010.0
1674,
1675,1984.0
1676,
1677,2000.0
1678,
1679,2009.0
1680,
1681,
1682,1975.0
1683,
1684,
1685,
1686,
1687,
1688,1983.0
1689,2004.0
1690,1996.0
1691,
1692,2016.0
1693,
1694,
1695,
1696,1970.0
1697,1997.0
1698,
1699,1999.0
1700,
1701,1996.0
1702,
1703,1986.0
1704,
1705,2005.0
1706,
1707,1996.0
1708,
1709,1972.0
1710,
1711,1999.0
1712,
1713,2000.0
1714,
1715,0.0
1716,
1717,
1718,1976.0
1719,
1720,
1721,1988.0
1722,
1723,
1724,1976.0
1725,
1726,2005.0
1727,
1728,1989.0
1729,
1730,
1731,2004.0
1732,
1733,1983.0
1734,
1735,2004.0
1736,
1737,0.0
1738,
1739,1974.0
1740,
1741,2017.0
1742,
1743,2005.0
1744,
1745,
1746,
1747,2004.0
1748,1971.0
1749,
1750,1996.0
1751,
1752,1996.0
1753,
1754,
1755,
1756,
1757,
1758,1985.0
1759,
1760,
1761,
1762,
1763,0.0
1764,
1765,2002.0
1766,
1767,1975.0
1768,
1769,
1770,1999.0
1771,1997.0
1772,
1773,1994.0
1774,
1775,
1776,
1777,
1778,0.0
1779,
1780,
1781,
1782,
1783,
1784,
1785,
1786,
1787,2005.0
1788,
1789,
1790,
1791,
1792,
1793,
1794,
1795,
1796,
1797,
1798,2014.0
1799,
1800,2005.0
1801,
1802,2007.0
1803,2002.0
1804,1975.0
1805,2002.0
1806,1972.0
1807,
1808,
1809,
1810,
1811,0.0
1812,
1813,2008.0
1814,
1815,
1816,
1817,
1818,
1819,
1820,
1821,
1822,0.0
1823,
1824,
1825,
1826,
1827,
1828,
1829,0.0
1830,
1831,
1832,
1833,
1834,1997.0
1835,2006.0
1836,1975.0
1837,
1838,
1839,
1840,
1841,2015.0
1842,
1843,
1844,
1845,1987.0
1846,
1847,
1848,
1849,
1850,
1851,
1852,
1853,1979.0
1854,
1855,
1856,
1857,
1858,
1859,
1860,
1861,
1862,
1863,2014.0
1864,
1865,
1866,
1867,
1868,
1869,
1870,
1871,
1872,
1873,
1874,
1875,0.0
1876,
1877,
1878,
1879,
1880,
1881,
1882,1994.0
1883,
1884,
1885,
1886,
1887,
1888,2005.0
1889,
1890,
1891,
1892,
1893,
1894,
1895,1967.0
1896,2014.0
1897,
1898,
1899,
1900,
1901,
1902,
1903,
1904,
1905,
1906,
1907,1974.0
1908,
1909,
1910,
1911,
1912,
1913,
1914,1999.0
1915,
1916,
1917,
1918,
1919,
1920,2002.0
1921,0.0
1922,
1923,
1924,
1925,2009.0
1926,
1927,
1928,
1929,
1930,
1931,
1932,
1933,2005.0
1934,
1935,
1936,
1937,1991.0
1938,
1939,
1940,
1941,
1942,
1943,
1944,
1945,
1946,2012.0
1947,
1948,0.0
1949,
1950,
1951,
1952,
1953,
1954,2000.0
1955,
1956,
1957,
1958,0.0
1959,
1960,
1961,
1962,
1963,
1964,2008.0
1965,
1966,
1967,2004.0
1968,
1969,
1970,
1971,
1972,0.0
1973,
1974,
1975,2009.0
1976,
1977,
1978,
1979,
1980,2003.0
1981,
1982,1977.0
1983,
1984,
1985,
1986,
1987,0.0
1988,
1989,1974.0
1990,1969.0
1991,
1992,
1993,0.0
1994,
1995,1959.0
1996,
1997,1991.0
1998,
1999,
2000,2004.0
2001,
2002,0.0
2003,
2004,1972.0
2005,
2006,2015.0
2007,
2008,1986.0
2009,
2010,
2011,1971.0
2012,
2013,1973.0
2014,
2015,
2016,1983.0
2017,
2018,
2019,
2020,2004.0
2021,1994.0
2022,
2023,1984.0
2024,
2025,2013.0
2026,
2027,
2028,1986.0
2029,
2030,2004.0
2031,
2032,2009.0
2033,
2034,
2035,
2036,
2037,1987.0
2038,
2039,
2040,
2041,
2042,
2043,
2044,0.0
2045,
2046,1984.0
2047,
2048,1977.0
2049,
2050,
2051,
2052,
2053,
2054,
2055,2005.0
2056,
2057,
2058,
2059,
2060,
2061,
2062,
2063,
2064,
2065,
2066,
2067,
2068,
2069,
2070,
2071,
2072,
2073,
2074,1991.0
2075,
2076,2014.0
2077,0.0
2078,2000.0
2079,2014.0
2080,2013.0
2081,
2082,1995.0
2083,
2084,2015.0
2085,
2086,
2087,2015.0
2088,
2089,2014.0
2090,
2091,
2092,2014.0
2093,
2094,2014.0
2095,
2096,
2097,2014.0
2098,
2099,2015.0
2100,
2101,
2102,
2103,1976.0
2104,
2105,
2106,
2107,2004.0
2108,
2109,
2110,1995.0
2111,2010.0
2112,
2113,
2114,
2115,
2116,
2117,2002.0
2118,1975.0
2119,
2120,1977.0
2121,
2122,0.0
2123,
2124,2015.0
2125,
2126,1986.0
2127,
2128,2011.0
2129,
2130,1969.0
2131,
2132,2001.0
2133,
2134,2001.0
2135,
2136,2013.0
2137,
2138,2011.0
2139,
2140,1990.0
2141,
2142,1966.0
2143,
2144,2015.0
2145,
2146,1971.0
2147,
2148,0.0
2149,
2150,1992.0
2151,
2152,2009.0
2153,
2154,1980.0
2155,
2156,1992.0
2157,
2158,1994.0
2159,
2160,2015.0
2161,
2162,1991.0
2163,
2164,1989.0
2165,
2166,2013.0
2167,
2168,2004.0
2169,
2170,1995.0
2171,
2172,2000.0
2173,
2174,2002.0
2175,
2176,2014.0
2177,
2178,1996.0
2179,
2180,1965.0
2181,
2182,1992.0
2183,
2184,2004.0
2185,
2186,1992.0
2187,
2188,2011.0
2189,
2190,2001.0
2191,
2192,1989.0
2193,
2194,2011.0
2195,
2196,2003.0
2197,
2198,1998.0
2199,
2200,2013.0
2201,
2202,1972.0
2203,
2204,2011.0
2205,
2206,1994.0
2207,
2208,1967.0
2209,
2210,1992.0
2211,
2212,
2213,1988.0
2214,
2215,1998.0
2216,
2217,2015.0
2218,
2219,
2220,2014.0
2221,
2222,1992.0
2223,
2224,1994.0
2225,
2226,2009.0
2227,
2228,1971.0
2229,
2230,1993.0
2231,
2232,2006.0
2233,
2234,2010.0
2235,
2236,2016.0
2237,
2238,1981.0
2239,
2240,2005.0
2241,
2242,1973.0
2243,
2244,2017.0
2245,
2246,2009.0
2247,
2248,2009.0
2249,
2250,
2251,2012.0
2252,
2253,2011.0
2254,
2255,2009.0
2256,
2257,1971.0
2258,
2259,1993.0
2260,
2261,2006.0
2262,
2263,2010.0
2264,
2265,2016.0
2266,
2267,1981.0
2268,
2269,2005.0
2270,
2271,1973.0
2272,
2273,2017.0
2274,
2275,2009.0
2276,
2277,2009.0
2278,
2279,
2280,2012.0
2281,
2282,2011.0
2283,
2284,1973.0
2285,
2286,2010.0
2287,
2288,2004.0
2289,
2290,2012.0
2291,
2292,1996.0
2293,
2294,1984.0
2295,
2296,
2297,
2298,
2299,1982.0
2300,2012.0
2301,
2302,1988.0
2303,
2304,2010.0
2305,
2306,2005.0
2307,
2308,2002.0
2309,
2310,1995.0
2311,
2312,2011.0
2313,
2314,1998.0
2315,
2316,
2317,
2318,2006.0
2319,
2320,2017.0
2321,
2322,1999.0
2323,
2324,
2325,1981.0
2326,
2327,
2328,
2329,
2330,2010.0
2331,
2332,2015.0
2333,
2334,
2335,1987.0
2336,
2337,0.0
2338,
2339,1993.0
2340,
2341,
2342,
2343,1985.0
2344,
2345,
2346,
2347,
2348,0.0
2349,1993.0
2350,
2351,1996.0
2352,
2353,2010.0
2354,
2355,2014.0
2356,
2357,1992.0
2358,
2359,1967.0
2360,
2361,2009.0
2362,
2363,1977.0
2364,
2365,2000.0
2366,
2367,2004.0
2368,
2369,1996.0
2370,
2371,
2372,1995.0
2373,
2374,2009.0
2375,
2376,1996.0
2377,
2378,2003.0
2379,
2380,1996.0
2381,
2382,2002.0
2383,
2384,1995.0
2385,
2386,0.0
2387,
2388,1970.0
2389,
2390,1997.0
2391,
2392,1999.0
2393,
2394,0.0
2395,
2396,1982.0
2397,
2398,1964.0
2399,
2400,2014.0
2401,
2402,1975.0
2403,
2404,2006.0
2405,
2406,0.0
2407,
2408,1999.0
2409,
2410,1993.0
2411,
2412,1997.0
2413,
2414,1999.0
2415,
2416,1992.0
2417,
2418,1994.0
2419,
2420,1999.0
2421,
2422,0.0
2423,
2424,1999.0
2425,
2426,1996.0
2427,
2428,2016.0
2429,
2430,1970.0
2431,
2432,2002.0
2433,
2434,2004.0
2435,
2436,1967.0
2437,
2438,
2439,1980.0
2440,
2441,2000.0
2442,
2443,1997.0
2444,
2445,2008.0
2446,
2447,1983.0
2448,
2449,1973.0
2450,
2451,2006.0
2452,
2453,1977.0
2454,
2455,2002.0
2456,
2457,1972.0
2458,
2459,2007.0
2460,
2461,2008.0
2462,
2463,
2464,
2465,1989.0
2466,
2467,2005.0
2468,
2469,1966.0
2470,
2471,1997.0
2472,
2473,
2474,
2475,1961.0
2476,
2477,
2478,
2479,1976.0
2480,2009.0
2481,
2482,1973.0
2483,
2484,2013.0
2485,
2486,1973.0
2487,
2488,1968.0
2489,
2490,1966.0
2491,
2492,1974.0
2493,
2494,1983.0
2495,
2496,1975.0
2497,
2498,1984.0
2499,
2500,2000.0
2501,
2502,2009.0
2503,
2504,
2505,2017.0
2506,
2507,2007.0
2508,
2509,2008.0
2510,
2511,1969.0
2512,
2513,2010.0
2514,
2515,
2516,
2517,2008.0
2518,
2519,0.0
2520,
2521,
2522,1986.0
2523,
2524,
2525,
2526,
2527,
2528,
2529,
2530,1998.0
2531,
2532,2015.0
2533,
2534,1999.0
2535,1996.0
2536,
2537,
2538,1974.0
2539,
2540,
2541,
2542,
2543,2017.0
2544,
2545,0.0
2546,
2547,
2548,1998.0
2549,
2550,2012.0
2551,
2552,1975.0
2553,
2554,
2555,1969.0
2556,
2557,
2558,
2559,1984.0
2560,
2561,1967.0
2562,
2563,0.0
2564,
2565,2007.0
2566,
2567,1999.0
2568,
2569,
2570,1973.0
2571,
2572,
2573,1971.0
2574,
2575,1991.0
2576,
2577,2008.0
2578,
2579,2016.0
2580,
2581,
2582,
2583,
2584,2000.0
2585,1994.0
2586,
2587,1967.0
2588,
2589,
2590,2004.0
2591,
2592,2008.0
2593,
2594,0.0
2595,
2596,0.0
2597,
2598,1969.0
2599,
2600,2007.0
2601,
2602,1993.0
2603,
2604,
2605,1997.0
2606,2004.0
2607,
2608,
2609,
2610,1973.0
2611,1997.0
2612,
2613,1968.0
2614,
2615,1973.0
2616,
2617,1977.0
2618,
2619,1977.0
2620,
2621,2004.0
2622,
2623,1977.0
2624,
2625,0.0
2626,
2627,1972.0
2628,
2629,2000.0
2630,
2631,1971.0
2632,
2633,
2634,1997.0
2635,
2636,1995.0
2637,
2638,2001.0
2639,
2640,1987.0
2641,
2642,
2643,2008.0
2644,
2645,
2646,2001.0
2647,
2648,
2649,
2650,
2651,1998.0
2652,
2653,0.0
2654,
2655,
2656,
2657,
2658,0.0
2659,2012.0
2660,
2661,2009.0
2662,
2663,2011.0
2664,
2665,
2666,2012.0
2667,
2668,1996.0
2669,
2670,
2671,
2672,
2673,2011.0
2674,2011.0
2675,
2676,1975.0
2677,
2678,
2679,
2680,
2681,
2682,
2683,1981.0
2684,2016.0
2685,2011.0
2686,
2687,
2688,
2689,1990.0
2690,1999.0
2691,
2692,
2693,1972.0
2694,1971.0
2695,
2696,
2697,
2698,
2699,1998.0
2700,
2701,
2702,1986.0
2703,
2704,
2705,0.0
2706,
2707,
2708,
2709,
2710,1973.0
2711,
2712,1964.0
2713,
2714,
2715,1970.0
2716,
2717,2012.0
2718,
2719,2001.0
2720,
2721,2006.0
2722,
2723,
2724,
2725,
2726,1999.0
2727,
2728,2007.0
2729,
2730,
2731,
2732,
2733,
2734,
2735,
2736,
2737,
2738,
2739,
2740,
2741,
2742,2004.0
2743,
2744,1980.0
2745,
2746,
2747,
2748,2010.0
2749,
2750,2011.0
2751,2006.0
2752,
2753,2011.0
2754,
2755,
2756,
2757,
2758,
2759,
2760,2017.0
2761,
2762,2009.0
2763,
2764,
2765,1972.0
2766,
2767,
2768,
2769,
2770,
2771,
2772,
2773,
2774,
2775,
2776,
2777,
2778,2014.0
2779,
2780,
2781,0.0
2782,0.0
2783,
2784,
2785,
2786,
2787,
2788,
2789,
2790,
2791,2005.0
2792,2016.0
2793,1981.0
2794,
2795,2017.0
2796,
2797,
2798,
2799,
2800,
2801,2016.0
2802,2011.0
2803,
2804,
2805,
2806,2005.0
2807,0.0
2808,
2809,
2810,
2811,
2812,
2813,2016.0
2814,
2815,
2816,0.0
2817,
2818,2008.0
2819,
2820,
2821,
2822,
2823,2010.0
2824,1993.0
2825,
2826,0.0
2827,
2828,1997.0
2829,
2830,
2831,
2832,0.0
2833,2000.0
2834,
2835,0.0
2836,
2837,
2838,
2839,
2840,0.0
2841,
2842,
2843,
2844,
2845,1978.0
2846,
2847,
2848,1989.0
2849,
2850,
2851,
2852,0.0
2853,
2854,
2855,
2856,1967.0
2857,
2858,
2859,1972.0
2860,
2861,
2862,1977.0
2863,
2864,0.0
2865,
2866,
2867,
2868,0.0
2869,
2870,1996.0
2871,
2872,0.0
2873,
2874,2006.0
2875,
2876,
2877,
2878,
2879,
2880,
2881,
2882,2016.0
2883,0.0
2884,
2885,1980.0
2886,
2887,
2888,
2889,0.0
2890,
2891,
2892,
2893,
2894,2006.0
2895,2006.0
2896,
2897,2006.0
2898,
2899,2006.0
2900,
2901,
2902,2016.0
2903,
2904,
2905,1973.0
2906,
2907,
2908,0.0
2909,
2910,
2911,2010.0
2912,
2913,
2914,
2915,
2916,1982.0
2917,1979.0
2918,
2919,
2920,1973.0
2921,
2922,0.0
2923,
2924,2009.0
2925,
2926,0.0
2927,
2928,0.0
2929,
2930,
2931,
2932,
2933,
2934,
2935,
2936,
2937,
2938,
2939,
2940,2009.0
2941,
2942,
2943,2009.0
2944,2010.0
2945,
2946,
2947,2009.0
2948,1980.0
2949,
2950,1970.0
2951,2004.0
2952,
2953,0.0
2954,
2955,
2956,1991.0
2957,
2958,0.0
2959,
2960,1998.0
2961,
2962,2012.0
2963,
2964,
2965,2007.0
2966,
2967,1975.0
2968,
2969,1999.0
2970,
2971,1986.0
2972,
2973,2009.0
2974,
2975,1970.0
2976,
2977,
2978,2005.0
2979,
2980,2018.0
2981,
2982,2017.0
2983,
2984,2005.0
2985,
2986,2003.0
2987,
2988,2009.0
2989,
2990,1996.0
2991,
2992,2013.0
2993,
2994,1981.0
2995,
2996,2005.0
2997,
2998,2013.0
2999,
3000,1996.0
3001,
3002,2009.0
3003,
3004,2000.0
3005,
3006,1996.0
3007,
3008,2005.0
3009,
3010,1970.0
3011,
3012,2003.0
3013,
3014,1984.0
3015,
3016,1994.0
3017,
3018,2001.0
3019,
3020,2012.0
3021,
3022,2018.0
3023,
3024,0.0
3025,
3026,2001.0
3027,
3028,2016.0
3029,
3030,2003.0
3031,
3032,1977.0
3033,
3034,1999.0
3035,
3036,2012.0
3037,
3038,1976.0
3039,
3040,1993.0
3041,
3042,0.0
3043,
3044,1999.0
3045,
3046,
3047,2001.0
3048,
3049,2001.0
3050,
3051,2005.0
3052,
3053,2013.0
3054,
3055,
3056,1972.0
3057,
3058,1972.0
3059,
3060,2001.0
3061,
3062,2004.0
3063,
3064,2004.0
3065,
3066,
3067,
3068,
3069,2009.0
3070,
3071,1996.0
3072,1984.0
3073,
3074,1997.0
3075,
3076,2012.0
3077,
3078,1996.0
3079,
3080,2016.0
3081,
3082,2010.0
3083,
3084,
3085,
3086,1980.0
3087,1984.0
3088,
3089,
3090,
3091,
3092,1976.0
3093,
3094,
3095,1998.0
3096,
3097,
3098,
3099,
3100,
3101,1997.0
3102,
3103,
3104,
3105,
3106,
3107,
3108,
3109,
3110,
3111,2006.0
3112,1979.0
3113,2003.0
3114,2014.0
3115,2013.0
3116,
3117,
3118,
3119,
3120,
3121,
3122,
3123,
3124,2012.0
3125,
3126,
3127,
3128,
3129,
3130,1973.0
3131,1971.0
3132,0.0
3133,
3134,1999.0
3135,
3136,2007.0
3137,
3138,1972.0
3139,
3140,1976.0
3141,
3142,1985.0
3143,
3144,
3145,1978.0
3146,
3147,2005.0
3148,
3149,2011.0
3150,
3151,
3152,1981.0
3153,
3154,1987.0
3155,
3156,
3157,0.0
3158,
3159,
3160,
3161,1972.0
3162,2015.0
3163,
3164,0.0
3165,
3166,2005.0
3167,
3168,2005.0
3169,
3170,1994.0
3171,
3172,0.0
3173,
3174,2006.0
3175,
3176,2000.0
3177,
3178,1978.0
3179,
3180,2013.0
3181,
3182,1983.0
3183,
3184,2010.0
3185,
3186,1964.0
3187,
3188,1969.0
3189,
3190,2004.0
3191,
3192,1977.0
3193,
3194,2008.0
3195,
3196,1973.0
3197,
3198,2015.0
3199,
3200,0.0
3201,
3202,2006.0
3203,
3204,1981.0
3205,
3206,1985.0
3207,
3208,1983.0
3209,
3210,1981.0
3211,
3212,2013.0
3213,
3214,2001.0
3215,
3216,1975.0
3217,
3218,0.0
3219,
3220,2010.0
3221,
3222,0.0
3223,
3224,1974.0
3225,
3226,1972.0
3227,
3228,
3229,1974.0
3230,
3231,2008.0
3232,
3233,0.0
3234,1973.0
3235,
3236,2000.0
3237,
3238,1989.0
3239,
3240,2012.0
3241,
3242,
3243,1972.0
3244,
3245,
3246,
3247,
3248,
3249,0.0
3250,2013.0
3251,
3252,
3253,
3254,1983.0
3255,
3256,
3257,
3258,1977.0
3259,
3260,
3261,0.0
3262,
3263,
3264,
3265,1998.0
3266,1996.0
3267,
3268,1998.0
3269,
3270,
3271,2015.0
3272,
3273,0.0
3274,
3275,0.0
3276,
3277,2013.0
3278,
3279,2006.0
3280,
3281,1978.0
3282,
3283,
3284,1994.0
3285,
3286,
3287,
3288,0.0
3289,1996.0
3290,
3291,2012.0
3292,
3293,1972.0
3294,
3295,2016.0
3296,
3297,2014.0
3298,
3299,1966.0
3300,
3301,2000.0
3302,
3303,1971.0
3304,
3305,2000.0
3306,
3307,2009.0
3308,
3309,2009.0
3310,
3311,1970.0
3312,
3313,1970.0
3314,
3315,1983.0
3316,
3317,0.0
3318,
3319,
3320,2011.0
3321,2015.0
3322,
3323,2002.0
3324,
3325,
3326,2010.0
3327,
3328,
3329,
3330,
3331,2000.0
3332,
3333,
3334,2014.0
3335,
3336,0.0
3337,
3338,1972.0
3339,
3340,
3341,1980.0
3342,
3343,
3344,2013.0
3345,
3346,1975.0
3347,
3348,
3349,
3350,1996.0
3351,1970.0
3352,
3353,1978.0
3354,
3355,
3356,1983.0
3357,
3358,
3359,
3360,0.0
3361,
3362,1969.0
3363,
3364,1990.0
3365,
3366,
3367,1992.0
3368,
3369,2005.0
3370,
3371,
3372,0.0
3373,
3374,
3375,2017.0
3376,1991.0
3377,
3378,
3379,
3380,0.0
3381,
3382,1974.0
3383,
3384,1977.0
3385,
3386,2016.0
3387,
3388,
3389,1975.0
3390,
3391,1983.0
3392,
3393,1973.0
3394,
3395,0.0
3396,
3397,
3398,0.0
3399,
3400,2003.0
3401,
3402,
3403,1982.0
3404,
3405,2017.0
3406,
3407,2018.0
3408,
3409,2015.0
3410,
3411,2001.0
3412,
3413,1968.0
3414,
3415,2009.0
3416,
3417,2014.0
3418,
3419,2015.0
3420,
3421,1992.0
3422,
3423,1982.0
3424,
3425,1966.0
3426,
3427,0.0
3428,
3429,0.0
3430,
3431,2009.0
3432,
3433,2010.0
3434,
3435,2007.0
3436,
3437,2005.0
3438,
3439,
3440,
3441,2011.0
3442,2012.0
3443,
3444,1970.0
3445,
3446,2018.0
3447,
3448,2017.0
3449,
3450,2005.0
3451,
3452,0.0
3453,
3454,1974.0
3455,
3456,0.0
3457,
3458,1992.0
3459,
3460,1972.0
3461,
3462,2017.0
3463,
3464,1998.0
3465,
3466,1983.0
3467,
3468,2006.0
3469,
3470,2005.0
3471,
3472,2007.0
3473,
3474,0.0
3475,
3476,2016.0
3477,
3478,
3479,1972.0
3480,2005.0
3481,
3482,
3483,
3484,
3485,1982.0
3486,1982.0
3487,
3488,
3489,
3490,1969.0
3491,
3492,
3493,2011.0
3494,
3495,
3496,
3497,2010.0
3498,
3499,1998.0
3500,
3501,2005.0
3502,
3503,2001.0
3504,
3505,2007.0
3506,
3507,1969.0
3508,
3509,1998.0
3510,
3511,1998.0
3512,
3513,
3514,1988.0
3515,
3516,2010.0
3517,
3518,1974.0
3519,
3520,2012.0
3521,
3522,
3523,1972.0
3524,
3525,
3526,2007.0
3527,
3528,1972.0
3529,
3530,2005.0
3531,
3532,1974.0
3533,
3534,1978.0
3535,
3536,1991.0
3537,
3538,1971.0
3539,
3540,1970.0
3541,
3542,1973.0
3543,
3544,0.0
3545,
3546,1974.0
3547,
3548,1972.0
3549,
3550,1972.0
3551,
3552,1968.0
3553,
3554,
3555,1999.0
3556,
3557,1971.0
3558,
3559,1977.0
3560,
3561,1980.0
3562,
3563,1969.0
3564,
3565,1977.0
3566,
3567,1972.0
3568,
3569,1975.0
3570,
3571,1973.0
3572,
3573,1969.0
3574,
3575,1975.0
3576,
3577,1979.0
3578,
3579,1976.0
3580,
3581,
3582,
3583,1974.0
3584,1977.0
3585,
3586,1969.0
3587,
3588,
3589,1978.0
3590,
3591,1972.0
3592,
3593,1995.0
3594,
3595,1982.0
3596,
3597,1977.0
3598,
3599,
3600,
3601,
3602,
3603,
3604,
3605,
3606,2003.0
3607,
3608,
3609,
3610,1980.0
3611,
3612,
3613,
3614,
3615,1978.0
3616,
3617,
3618,
3619,2013.0
3620,
3621,
3622,2007.0
3623,2009.0
3624,
3625,
3626,
3627,
3628,2016.0
3629,1997.0
3630,
3631,2013.0
3632,2017.0
3633,
3634,
3635,2012.0
3636,
3637,0.0
3638,
3639,1972.0
3640,
3641,1998.0
3642,
3643,2016.0
3644,
3645,1993.0
3646,
3647,1998.0
3648,
3649,
3650,2003.0
3651,
3652,1973.0
3653,
3654,1972.0
3655,
3656,2001.0
3657,
3658,0.0
3659,
3660,1984.0
3661,
3662,2015.0
3663,
3664,2004.0
3665,
3666,0.0
3667,
3668,
3669,1974.0
3670,
3671,2001.0
3672,
3673,1975.0
3674,
3675,0.0
3676,
3677,0.0
3678,
3679,2004.0
3680,
3681,
3682,2008.0
3683,
3684,1999.0
3685,
3686,2006.0
3687,
3688,2009.0
3689,
3690,1996.0
3691,
3692,
3693,2010.0
3694,
3695,
3696,
3697,
3698,2006.0
3699,1996.0
3700,
3701,2006.0
3702,
3703,2017.0
3704,
3705,1982.0
3706,
3707,
3708,1986.0
3709,2016.0
3710,
3711,1974.0
3712,
3713,1998.0
3714,
3715,0.0
3716,
3717,
3718,0.0
3719,
3720,
3721,
3722,0.0
3723,
3724,2014.0
3725,
3726,2014.0
3727,
3728,1981.0
3729,
3730,0.0
3731,
3732,1978.0
3733,
3734,
3735,2004.0
3736,
3737,
3738,2010.0
3739,
3740,2010.0
3741,
3742,2017.0
3743,
3744,0.0
3745,
3746,2009.0
3747,
3748,
3749,2003.0
3750,
3751,1986.0
3752,
3753,0.0
3754,
3755,2013.0
3756,
3757,1970.0
3758,
3759,2005.0
3760,
3761,2007.0
3762,
3763,1997.0
3764,
3765,1986.0
3766,
3767,1999.0
3768,
3769,1997.0
3770,
3771,0.0
3772,
3773,
3774,2002.0
3775,
3776,
3777,1994.0
3778,
3779,2003.0
3780,
3781,1976.0
3782,
3783,1999.0
3784,
3785,2001.0
3786,
3787,2010.0
3788,
3789,2016.0
3790,
3791,2000.0
3792,
3793,1989.0
3794,
3795,1975.0
3796,
3797,2000.0
3798,
3799,0.0
3800,
3801,
3802,2010.0
3803,
3804,2016.0
3805,1974.0
3806,
3807,1967.0
3808,
3809,2004.0
3810,
3811,1993.0
3812,
3813,1999.0
3814,
3815,1995.0
3816,
3817,2010.0
3818,
3819,1994.0
3820,
3821,0.0
3822,
3823,2005.0
3824,
3825,2017.0
3826,
3827,1999.0
3828,
3829,2006.0
3830,
3831,2008.0
3832,
3833,1970.0
3834,
3835,2017.0
3836,
3837,2010.0
3838,
3839,1975.0
3840,
3841,0.0
3842,
3843,0.0
3844,
3845,
3846,2002.0
3847,
3848,2006.0
3849,
3850,2015.0
3851,
3852,2006.0
3853,
3854,1981.0
3855,
3856,2017.0
3857,
3858,1965.0
3859,
3860,
3861,
3862,
3863,2006.0
3864,
3865,1983.0
3866,0.0
3867,
3868,1972.0
3869,
3870,2009.0
3871,
3872,1984.0
3873,
3874,1978.0
3875,
3876,1984.0
3877,
3878,1995.0
3879,
3880,1995.0
3881,
3882,1992.0
3883,
3884,1996.0
3885,
3886,2011.0
3887,
3888,2014.0
3889,
3890,1986.0
3891,
3892,2014.0
3893,
3894,1999.0
3895,
3896,0.0
3897,
3898,1974.0
3899,
3900,1993.0
3901,
3902,1993.0
3903,
3904,1973.0
3905,
3906,2001.0
3907,
3908,1995.0
3909,
3910,1995.0
3911,
3912,2005.0
3913,
3914,2009.0
3915,
3916,1995.0
3917,
3918,1993.0
3919,
3920,1981.0
3921,
3922,0.0
3923,
3924,0.0
3925,
3926,1973.0
3927,
3928,1974.0
3929,
3930,1993.0
3931,
3932,2013.0
3933,
3934,1967.0
3935,
3936,2007.0
3937,
3938,0.0
3939,
3940,2018.0
3941,
3942,
3943,2008.0
3944,
3945,1998.0
3946,
3947,
3948,1984.0
3949,
3950,2004.0
3951,
3952,
3953,
3954,2005.0
3955,2015.0
3956,
3957,1988.0
3958,
3959,
3960,
3961,2016.0
3962,
3963,
3964,1999.0
3965,
3966,1968.0
3967,
3968,1973.0
3969,
3970,
3971,1998.0
3972,
3973,
3974,
3975,2014.0
3976,
3977,
3978,
3979,
3980,
3981,
3982,1965.0
3983,
3984,
3985,1986.0
3986,
3987,1995.0
3988,
3989,1974.0
3990,1973.0
3991,
3992,1977.0
3993,
3994,1972.0
3995,
3996,1996.0
3997,
3998,
3999,
4000,2008.0
4001,1967.0
4002,
4003,
4004,
4005,2014.0
4006,
4007,
4008,
4009,
4010,1995.0
4011,2005.0
4012,
4013,1978.0
4014,
4015,1972.0
4016,
4017,2009.0
4018,
4019,2010.0
4020,
4021,0.0
4022,
4023,1966.0
4024,
4025,1978.0
4026,
4027,2010.0
4028,
4029,1976.0
4030,
4031,2013.0
4032,
4033,
4034,
4035,
4036,
4037,
4038,
4039,
4040,
4041,
4042,
4043,
4044,
4045,2012.0
4046,2015.0
4047,1968.0
4048,2015.0
4049,2001.0
4050,
4051,1985.0
4052,
4053,2002.0
4054,
4055,2015.0
4056,
4057,2015.0
4058,
4059,1995.0
4060,
4061,2017.0
4062,
4063,0.0
4064,
4065,2011.0
4066,
4067,1994.0
4068,
4069,
4070,2015.0
4071,
4072,
4073,2001.0
4074,1996.0
4075,
4076,
4077,1998.0
4078,
4079,2005.0
4080,
4081,1974.0
4082,
4083,1986.0
4084,
4085,2004.0
4086,
4087,1990.0
4088,
4089,2003.0
4090,
4091,1975.0
4092,
4093,2005.0
4094,
4095,1994.0
4096,
4097,1998.0
4098,
4099,1994.0
4100,
4101,2000.0
4102,
4103,0.0
4104,
4105,1979.0
4106,2006.0
4107,
4108,1980.0
4109,
4110,1997.0
4111,
4112,1999.0
4113,
4114,1976.0
4115,
4116,1991.0
4117,
4118,1981.0
4119,
4120,1992.0
4121,
4122,1991.0
4123,
4124,1991.0
4125,
4126,
4127,2004.0
4128,
4129,1997.0
4130,
4131,1990.0
4132,
4133,1983.0
4134,
4135,2013.0
4136,
4137,1976.0
4138,
4139,2015.0
4140,
4141,1989.0
4142,
4143,1966.0
4144,
4145,2000.0
4146,
4147,1995.0
4148,
4149,1992.0
4150,
4151,1997.0
4152,
4153,1994.0
4154,
4155,
4156,1972.0
4157,2004.0
4158,
4159,1974.0
4160,
4161,2009.0
4162,
4163,1997.0
4164,
4165,
4166,1967.0
4167,
4168,1988.0
4169,
4170,0.0
4171,
4172,1991.0
4173,
4174,1983.0
4175,
4176,1988.0
4177,
4178,2003.0
4179,
4180,2005.0
4181,
4182,1983.0
4183,
4184,1979.0
4185,
4186,1993.0
4187,
4188,2000.0
4189,
4190,1971.0
4191,
4192,1995.0
4193,
4194,1973.0
4195,
4196,2010.0
4197,
4198,1990.0
4199,
4200,1982.0
4201,
4202,2000.0
4203,
4204,1993.0
4205,
4206,1987.0
4207,
4208,2006.0
4209,
4210,1982.0
4211,
4212,
4213,1968.0
4214,
4215,1964.0
4216,
4217,1984.0
4218,
4219,0.0
4220,
4221,2003.0
4222,
4223,1974.0
4224,
4225,2003.0
4226,
4227,1965.0
4228,
4229,2003.0
4230,
4231,
4232,1977.0
4233,
4234,
4235,1974.0
4236,1972.0
4237,
4238,
4239,1969.0
4240,
4241,1996.0
4242,
4243,1970.0
4244,
4245,1977.0
4246,
4247,1972.0
4248,
4249,1983.0
4250,
4251,1967.0
4252,
4253,
4254,1973.0
4255,
4256,1975.0
4257,
4258,1970.0
4259,
4260,0.0
4261,
4262,0.0
4263,
4264,0.0
4265,
4266,2016.0
4267,
4268,2011.0
4269,
4270,2011.0
4271,
4272,2011.0
4273,
4274,2011.0
4275,
4276,2008.0
4277,
4278,2002.0
4279,
4280,2001.0
4281,
4282,2009.0
4283,
4284,2003.0
4285,
4286,2006.0
4287,
4288,2007.0
4289,
4290,1989.0
4291,
4292,2012.0
4293,
4294,2009.0
4295,
4296,1981.0
4297,
4298,2016.0
4299,
4300,2010.0
4301,
4302,2013.0
4303,
4304,1969.0
4305,
4306,0.0
4307,
4308,1966.0
4309,
4310,1992.0
4311,
4312,0.0
4313,
4314,2009.0
4315,
4316,1966.0
4317,
4318,1982.0
4319,
4320,
4321,1978.0
4322,
4323,1998.0
4324,
4325,
4326,
4327,
4328,
4329,
4330,
4331,
4332,
4333,
4334,
4335,
4336,
4337,
4338,
4339,1964.0
4340,
4341,
4342,
4343,
4344,
4345,1973.0
4346,
4347,1968.0
4348,
4349,
4350,0.0
4351,0.0
4352,
4353,1964.0
4354,
4355,
4356,0.0
4357,
4358,
4359,
4360,
4361,2000.0
4362,
4363,
4364,2007.0
4365,
4366,2007.0
4367,
4368,2009.0
4369,
4370,1965.0
4371,
4372,
4373,2005.0
4374,
4375,
4376,1990.0
4377,
4378,1999.0
4379,
4380,1968.0
4381,
4382,2005.0
4383,
4384,1993.0
4385,
4386,2007.0
4387,
4388,1982.0
4389,
4390,2008.0
4391,
4392,2007.0
4393,
4394,2005.0
4395,
4396,2008.0
4397,
4398,1980.0
4399,
4400,2005.0
4401,
4402,2005.0
4403,
4404,1982.0
4405,
4406,2002.0
4407,
4408,2012.0
4409,
4410,1999.0
4411,
4412,2008.0
4413,
4414,1970.0
4415,
4416,2005.0
4417,
4418,1971.0
4419,
4420,2005.0
4421,
4422,2001.0
4423,
4424,
4425,2015.0
4426,
4427,
4428,1969.0
4429,1989.0
4430,
4431,0.0
4432,
4433,0.0
4434,
4435,2010.0
4436,
4437,2000.0
4438,
4439,2010.0
4440,
4441,0.0
4442,
4443,0.0
4444,
4445,0.0
4446,
4447,2002.0
4448,
4449,
4450,
4451,1974.0
4452,2000.0
4453,
4454,0.0
4455,
4456,1995.0
4457,
4458,0.0
4459,
4460,1985.0
4461,
4462,1998.0
4463,
4464,
4465,
4466,
4467,2010.0
4468,
4469,2017.0
4470,
4471,1976.0
4472,
4473,2001.0
4474,
4475,
4476,
4477,1993.0
4478,1972.0
4479,
4480,
4481,2016.0
4482,
4483,1974.0
4484,
4485,2013.0
4486,
4487,1979.0
4488,
4489,1990.0
4490,
4491,1979.0
4492,
4493,0.0
4494,
4495,2001.0
4496,
4497,2015.0
4498,
4499,0.0
4500,
4501,1981.0
4502,
4503,2013.0
4504,
4505,
4506,1979.0
4507,
4508,1980.0
4509,
4510,1966.0
4511,
4512,2003.0
4513,
4514,2003.0
4515,
4516,0.0
4517,
4518,0.0
4519,
4520,0.0
4521,
4522,0.0
4523,
4524,2007.0
4525,
4526,2012.0
4527,
4528,1997.0
4529,
4530,2012.0
4531,
4532,0.0
4533,
4534,2015.0
4535,
4536,1998.0
4537,
4538,0.0
4539,
4540,1975.0
4541,
4542,1986.0
4543,
4544,2004.0
4545,
4546,1973.0
4547,
4548,0.0
4549,
4550,2001.0
4551,
4552,
4553,0.0
4554,
4555,1974.0
4556,
4557,1975.0
4558,
4559,0.0
4560,
4561,1995.0
4562,
4563,
4564,0.0
4565,
4566,
4567,2013.0
4568,
4569,
4570,2016.0
4571,
4572,1999.0
4573,
4574,1981.0
4575,
4576,
4577,2013.0
4578,
4579,0.0
4580,
4581,
4582,2018.0
4583,
4584,0.0
4585,
4586,1978.0
4587,
4588,1977.0
4589,
4590,0.0
4591,
4592,1974.0
4593,
4594,1993.0
4595,
4596,
4597,1975.0
4598,
4599,
4600,
4601,2018.0
4602,
4603,1992.0
4604,
4605,
4606,
4607,
4608,
4609,2002.0
4610,
4611,0.0
4612,1975.0
4613,
4614,1998.0
4615,
4616,
4617,
4618,
4619,2004.0
4620,2014.0
4621,
4622,2006.0
4623,
4624,
4625,1981.0
4626,
4627,1981.0
4628,
4629,
4630,0.0
4631,
4632,1971.0
4633,
4634,
4635,1972.0
4636,1971.0
4637,
4638,0.0
4639,
4640,
4641,
4642,
4643,
4644,2011.0
4645,2008.0
4646,
4647,
4648,0.0
4649,
4650,2003.0
4651,
4652,0.0
4653,
4654,0.0
4655,
4656,
4657,1972.0
4658,
4659,0.0
4660,
4661,
4662,1997.0
4663,
4664,2014.0
4665,
4666,0.0
4667,
4668,
4669,2009.0
4670,
4671,2014.0
4672,
4673,2018.0
4674,
4675,
4676,1970.0
4677,
4678,
4679,0.0
4680,2010.0
4681,
4682,2010.0
4683,
4684,2013.0
4685,
4686,
4687,0.0
4688,2013.0
4689,
4690,1968.0
4691,
4692,
4693,1978.0
4694,
4695,
4696,2010.0
4697,
4698,
4699,
4700,0.0
4701,2010.0
4702,
4703,2010.0
4704,
4705,0.0
4706,
4707,2003.0
4708,
4709,
4710,2010.0
4711,
4712,1979.0
4713,
4714,2004.0
4715,
4716,
4717,
4718,2003.0
4719,2013.0
4720,
4721,
4722,2005.0
4723,
4724,
4725,
4726,
4727,2016.0
4728,
4729,2003.0
4730,
4731,
4732,0.0
4733,
4734,
4735,
4736,1978.0
4737,1980.0
4738,
4739,1985.0
4740,
4741,
4742,
4743,0.0
4744,
4745,
4746,0.0
4747,
4748,
4749,
4750,
4751,
4752,
4753,
4754,1994.0
4755,
4756,
4757,
4758,
4759,
4760,
4761,2012.0
4762,
4763,
4764,
4765,
4766,
4767,
4768,
4769,1986.0
4770,
4771,1983.0
4772,
4773,
4774,
4775,2011.0
4776,
4777,
4778,
4779,
4780,
4781,
4782,
4783,1977.0
4784,
4785,
4786,
4787,
4788,
4789,
4790,2004.0
4791,
4792,1964.0
4793,
4794,
4795,
4796,
4797,
4798,
4799,
4800,
4801,
4802,
4803,1978.0
4804,
4805,
4806,
4807,
4808,1999.0
4809,
4810,
4811,
4812,
4813,2012.0
4814,0.0
4815,
4816,
4817,2010.0
4818,
4819,
4820,1971.0
4821,
4822,
4823,
4824,
4825,
4826,
4827,
4828,
4829,1964.0
4830,1978.0
4831,
4832,
4833,1972.0
4834,0.0
4835,
4836,
4837,
4838,0.0
4839,1998.0
4840,
4841,
4842,0.0
4843,
4844,
4845,
4846,
4847,2003.0
4848,
4849,2001.0
4850,
4851,2001.0
4852,
4853,1973.0
4854,
4855,1969.0
4856,
4857,2001.0
4858,
4859,1979.0
4860,
4861,1977.0
4862,
4863,2014.0
4864,
4865,0.0
4866,
4867,1972.0
4868,
4869,
4870,2012.0
4871,
4872,2001.0
4873,
4874,2007.0
4875,
4876,1970.0
4877,
4878,2012.0
4879,
4880,1977.0
4881,
4882,0.0
4883,
4884,0.0
4885,
4886,2012.0
4887,
4888,2003.0
4889,
4890,1975.0
4891,1999.0
4892,
4893,2009.0
4894,
4895,2014.0
4896,
4897,0.0
4898,
4899,
4900,1992.0
4901,
4902,
4903,2011.0
4904,2014.0
4905,
4906,2011.0
4907,
4908,1998.0
4909,
4910,2008.0
4911,
4912,1994.0
4913,
4914,
4915,2007.0
4916,
4917,1981.0
4918,
4919,2005.0
4920,
4921,2017.0
4922,
4923,1974.0
4924,
4925,0.0
4926,
4927,
4928,1992.0
4929,
4930,2002.0
4931,
4932,2004.0
4933,
4934,2004.0
4935,
4936,0.0
4937,
4938,
4939,2015.0
4940,
4941,2011.0
4942,
4943,
4944,2011.0
4945,
4946,1982.0
4947,
4948,1998.0
4949,
4950,2016.0
4951,
4952,
4953,1977.0
4954,
4955,2009.0
4956,
4957,1999.0
4958,
4959,2016.0
4960,
4961,2005.0
4962,
4963,2010.0
4964,
4965,1993.0
4966,
4967,2005.0
4968,
4969,2011.0
4970,
4971,2014.0
4972,
4973,1969.0
4974,
4975,2007.0
4976,
4977,2008.0
4978,
4979,2011.0
4980,
4981,2002.0
4982,
4983,0.0
4984,
4985,1984.0
4986,
4987,1966.0
4988,
4989,2009.0
4990,
4991,1970.0
4992,
4993,2002.0
4994,
4995,
4996,2011.0
4997,
4998,2016.0
4999,
5000,
5001,2010.0
5002,
5003,
5004,1974.0
5005,
5006,1965.0
5007,
5008,1998.0
5009,
5010,1993.0
5011,
5012,
5013,0.0
5014,
5015,1974.0
5016,
5017,2014.0
5018,
5019,1992.0
5020,
5021,1976.0
5022,
5023,2006.0
5024,
5025,
5026,
5027,
5028,
5029,
5030,1972.0
5031,
5032,
5033,
5034,1982.0
5035,
5036,
5037,0.0
5038,
5039,
5040,
5041,
5042,
5043,1993.0
5044,
5045,
5046,2004.0
5047,1966.0
5048,
5049,0.0
5050,
5051,
5052,2014.0
5053,
5054,
5055,
5056,1995.0
5057,1997.0
5058,
5059,
5060,
5061,0.0
5062,
5063,1978.0
5064,
5065,
5066,
5067,2016.0
5068,1996.0
5069,
5070,1977.0
5071,
5072,
5073,
5074,
5075,2018.0
5076,
5077,1993.0
5078,1980.0
5079,
5080,
5081,1976.0
5082,
5083,
5084,2002.0
5085,
5086,1976.0
5087,
5088,2008.0
5089,
5090,2008.0
5091,
5092,2008.0
5093,
5094,
5095,
5096,0.0
5097,
5098,1974.0
5099,
5100,
5101,2009.0
5102,
5103,1979.0
5104,
5105,
5106,1990.0
5107,
5108,
5109,
5110,1982.0
5111,
5112,1991.0
5113,
5114,2012.0
5115,
5116,2010.0
5117,
5118,2007.0
5119,
5120,
5121,1999.0
5122,
5123,2010.0
5124,
5125,1999.0
5126,
5127,1983.0
5128,
5129,0.0
5130,
5131,2000.0
5132,
5133,2009.0
5134,
5135,2011.0
5136,
5137,0.0
5138,
5139,1973.0
5140,
5141,2010.0
5142,
5143,0.0
5144,
5145,
5146,2004.0
5147,
5148,
5149,
5150,
5151,0.0
5152,
5153,0.0
5154,
5155,2011.0
5156,
5157,
5158,
5159,
5160,1977.0
5161,0.0
5162,
5163,0.0
5164,
5165,
5166,
5167,
5168,
5169,1998.0
5170,
5171,1993.0
5172,1984.0
5173,
5174,
5175,1975.0
5176,
5177,1981.0
5178,
5179,
5180,1959.0
5181,
5182,
5183,
5184,
5185,1970.0
5186,0.0
5187,
5188,2015.0
5189,
5190,
5191,1996.0
5192,1978.0
5193,
5194,
5195,0.0
5196,
5197,
5198,
5199,
5200,
5201,
5202,
5203,
5204,2003.0
5205,
5206,2013.0
5207,0.0
5208,
5209,
5210,1997.0
5211,
5212,2018.0
5213,
5214,
5215,
5216,1997.0
5217,
5218,
5219,
5220,
5221,
5222,
5223,
5224,
5225,
5226,1980.0
5227,
5228,1977.0
5229,
5230,
5231,
5232,
5233,
5234,0.0
5235,
5236,1978.0
5237,
5238,
5239,
5240,
5241,
5242,1987.0
5243,0.0
5244,
5245,
5246,1999.0
5247,
5248,
5249,
5250,
5251,1981.0
5252,
5253,
5254,
5255,
5256,
5257,0.0
5258,2005.0
5259,
5260,
5261,
5262,
5263,2000.0
5264,1976.0
5265,
5266,
5267,
5268,
5269,2017.0
5270,
5271,
5272,
5273,
5274,
5275,
5276,
5277,2011.0
5278,2006.0
5279,2004.0
5280,
5281,
5282,
5283,
5284,
5285,0.0
5286,
5287,
5288,
5289,
5290,
5291,
5292,
5293,1974.0
5294,1970.0
5295,
5296,2009.0
5297,
5298,
5299,0.0
5300,
5301,
5302,2006.0
5303,
5304,
5305,
5306,
5307,
5308,1977.0
5309,
5310,
5311,
5312,
5313,
5314,1999.0
5315,2007.0
5316,
5317,1979.0
5318,
5319,
5320,
5321,
5322,2002.0
5323,
5324,2006.0
5325,
5326,
5327,
5328,2012.0
5329,
5330,
5331,1995.0
5332,1974.0
5333,
5334,
5335,
5336,
5337,2012.0
5338,
5339,
5340,
5341,
5342,
5343,0.0
5344,2008.0
5345,
5346,
5347,
5348,
5349,
5350,1975.0
5351,
5352,1978.0
5353,
5354,
5355,
5356,
5357,
5358,1971.0
5359,0.0
5360,0.0
5361,
5362,
5363,1981.0
5364,
5365,
5366,
5367,
5368,1995.0
5369,
5370,
5371,1999.0
5372,
5373,
5374,
5375,2000.0
5376,1998.0
5377,
5378,
5379,
5380,
5381,
5382,1978.0
5383,
5384,2015.0
5385,
5386,0.0
5387,
5388,2005.0
5389,
5390,
5391,
5392,0.0
5393,
5394,
5395,
5396,
5397,1970.0
5398,1982.0
5399,
5400,0.0
5401,
5402,
5403,1980.0
5404,
5405,
5406,1975.0
5407,
5408,
5409,1982.0
5410,
5411,1975.0
5412,
5413,
5414,1993.0
5415,
5416,2017.0
5417,
5418,
5419,
5420,
5421,
5422,
5423,
5424,
5425,
5426,
5427,
5428,
5429,
5430,
5431,1986.0
5432,1977.0
5433,
5434,
5435,
5436,1984.0
5437,
5438,2005.0
5439,
5440,
5441,
5442,
5443,
5444,1997.0
5445,
5446,0.0
5447,0.0
5448,
5449,
5450,1999.0
5451,0.0
5452,
5453,
5454,
5455,
5456,
5457,
5458,
5459,
5460,
5461,
5462,
5463,1970.0
5464,
5465,
5466,
5467,
5468,
5469,
5470,
5471,
5472,
5473,1968.0
5474,2007.0
5475,
5476,2010.0
5477,
5478,2010.0
5479,0.0
5480,
5481,
5482,
5483,2008.0
5484,
5485,1960.0
5486,
5487,1984.0
5488,
5489,
5490,1986.0
5491,
5492,1977.0
5493,
5494,
5495,
5496,
5497,0.0
5498,
5499,2000.0
5500,
5501,
5502,2003.0
5503,
5504,
5505,
5506,
5507,2015.0
5508,
5509,
5510,
5511,2007.0
5512,
5513,1973.0
5514,
5515,1997.0
5516,
5517,1981.0
5518,
5519,2006.0
5520,
5521,1989.0
5522,
5523,
5524,2010.0
5525,
5526,
5527,
5528,
5529,0.0
5530,
5531,
5532,
5533,
5534,1993.0
5535,
5536,0.0
5537,
5538,
5539,
5540,1980.0
5541,1986.0
5542,
5543,2000.0
5544,
5545,0.0
5546,
5547,
5548,
5549,2006.0
5550,
5551,2014.0
5552,
5553,
5554,
5555,2001.0
5556,
5557,
5558,
5559,
5560,1981.0
5561,
5562,
5563,
5564,
5565,0.0
5566,
5567,2008.0
5568,
5569,
5570,
5571,
5572,1990.0
5573,
5574,2015.0
5575,
5576,
5577,
5578,0.0
5579,1975.0
5580,
5581,
5582,2014.0
5583,
5584,0.0
5585,
5586,
5587,2007.0
5588,
5589,
5590,2015.0
5591,
5592,1998.0
5593,
5594,1972.0
5595,
5596,0.0
5597,2014.0
5598,
5599,2015.0
5600,
5601,0.0
5602,
5603,0.0
5604,
5605,
5606,
5607,
5608,
5609,0.0
5610,
5611,2008.0
5612,
5613,
5614,2008.0
5615,2012.0
5616,
5617,
5618,
5619,
5620,
5621,
5622,1979.0
5623,
5624,2008.0
5625,
5626,2010.0
5627,
5628,0.0
5629,
5630,
5631,
5632,1979.0
5633,
5634,
5635,
5636,
5637,
5638,
5639,1990.0
5640,
5641,2001.0
5642,
5643,
5644,
5645,
5646,
5647,1973.0
5648,0.0
5649,
5650,
5651,1989.0
5652,0.0
5653,
5654,
5655,
5656,1988.0
5657,
5658,0.0
5659,
5660,
5661,2016.0
5662,
5663,0.0
5664,
5665,
5666,
5667,2006.0
5668,1973.0
5669,
5670,
5671,
5672,
5673,1990.0
5674,2011.0
5675,
5676,0.0
5677,
5678,
5679,
5680,
5681,
5682,
5683,
5684,
5685,
5686,
5687,
5688,
5689,
5690,0.0
5691,
5692,2012.0
5693,1990.0
5694,
5695,1963.0
5696,
5697,
5698,
5699,
5700,
5701,
5702,2004.0
5703,
5704,
5705,
5706,
5707,0.0
5708,2006.0
5709,2002.0
5710,
5711,0.0
5712,
5713,
5714,
5715,
5716,
5717,1991.0
5718,
5719,
5720,1973.0
5721,
5722,0.0
5723,
5724,2006.0
5725,
5726,
5727,
5728,
5729,
5730,2011.0
5731,
5732,
5733,1968.0
5734,
5735,0.0
5736,
5737,
5738,
5739,
5740,1971.0
5741,1970.0
5742,
5743,2016.0
5744,
5745,1994.0
5746,
5747,1998.0
5748,
5749,
5750,1972.0
5751,
5752,0.0
5753,
5754,
5755,1974.0
5756,0.0
5757,
5758,0.0
5759,
5760,1974.0
5761,
5762,
5763,1973.0
5764,2015.0
5765,
5766,
5767,
5768,0.0
5769,
5770,2014.0
5771,
5772,1987.0
5773,
5774,2016.0
5775,
5776,1991.0
5777,
5778,1979.0
5779,
5780,2012.0
5781,
5782,
5783,2013.0
5784,
5785,2013.0
5786,
5787,
5788,1977.0
5789,
5790,2015.0
5791,
5792,
5793,
5794,
5795,
5796,2000.0
5797,
5798,
5799,
5800,
5801,1980.0
5802,
5803,
5804,
5805,
5806,2006.0
5807,
5808,1975.0
5809,1998.0
5810,
5811,
5812,
5813,
5814,1977.0
5815,
5816,2012.0
5817,
5818,
5819,
5820,1995.0
5821,0.0
5822,
5823,0.0
5824,
5825,
5826,1975.0
5827,
5828,
5829,
5830,
5831,1975.0
5832,
5833,1971.0
5834,
5835,
5836,1993.0
5837,
5838,0.0
5839,
5840,1999.0
5841,
5842,2011.0
5843,
5844,
5845,1974.0
5846,
5847,2015.0
5848,
5849,2009.0
5850,
5851,2010.0
5852,
5853,2009.0
5854,
5855,
5856,
5857,
5858,2018.0
5859,2007.0
5860,
5861,
5862,
5863,1967.0
5864,
5865,0.0
5866,
5867,2009.0
5868,
5869,0.0
5870,
5871,1997.0
5872,
5873,
5874,
5875,
5876,
5877,
5878,2004.0
5879,2009.0
5880,1997.0
5881,
5882,2008.0
5883,
5884,
5885,0.0
5886,
5887,
5888,2007.0
5889,
5890,
5891,
5892,
5893,
5894,
5895,2004.0
5896,
5897,
5898,1986.0
5899,2005.0
5900,0.0
5901,
5902,
5903,2009.0
5904,
5905,0.0
5906,
5907,2006.0
5908,
5909,1977.0
5910,
5911,1998.0
5912,
5913,2009.0
5914,
5915,2011.0
5916,
5917,2014.0
5918,
5919,2013.0
5920,
5921,
5922,
5923,1992.0
5924,2011.0
5925,
5926,
5927,2016.0
5928,
5929,2011.0
5930,
5931,
5932,
5933,
5934,
5935,
5936,
5937,
5938,
5939,
5940,2009.0
5941,
5942,
5943,
5944,0.0
5945,2009.0
5946,
5947,0.0
5948,0.0
5949,
5950,2006.0
5951,
5952,
5953,
5954,
5955,0.0
5956,
5957,
5958,2012.0
5959,
5960,
5961,
5962,1998.0
5963,
5964,1973.0
5965,
5966,1998.0
5967,
5968,2012.0
5969,
5970,1999.0
5971,
5972,
5973,2017.0
5974,
5975,
5976,
5977,
5978,
5979,0.0
5980,
5981,
5982,
5983,
5984,1978.0
5985,0.0
5986,2001.0
5987,
5988,
5989,2017.0
5990,
5991,1995.0
5992,
5993,2004.0
5994,
5995,
5996,
5997,
5998,
5999,
6000,2006.0
6001,
6002,2007.0
6003,1972.0
6004,
6005,
6006,1972.0
6007,
6008,1976.0
6009,
6010,
6011,2016.0
6012,
6013,1998.0
6014,
6015,2014.0
6016,
6017,
6018,2012.0
6019,
6020,2002.0
6021,
6022,1964.0
6023,
6024,2008.0
6025,
6026,1986.0
6027,
6028,2014.0
6029,
6030,1969.0
6031,
6032,1976.0
6033,
6034,1991.0
6035,
6036,
6037,1980.0
6038,
6039,2014.0
6040,
6041,1995.0
6042,
6043,1966.0
6044,
6045,2005.0
6046,
6047,2012.0
6048,
6049,2005.0
6050,
6051,1977.0
6052,
6053,0.0
6054,
6055,2005.0
6056,
6057,1983.0
6058,
6059,
6060,2004.0
6061,
6062,
6063,1996.0
6064,
6065,1983.0
6066,
6067,1974.0
6068,
6069,
6070,2017.0
6071,
6072,2008.0
6073,
6074,
6075,2005.0
6076,
6077,
6078,
6079,1970.0
6080,2014.0
6081,
6082,2012.0
6083,
6084,0.0
6085,
6086,2011.0
6087,
6088,0.0
6089,
6090,
6091,2010.0
6092,
6093,1966.0
6094,
6095,1998.0
6096,
6097,0.0
6098,
6099,
6100,
6101,0.0
6102,1973.0
6103,
6104,
6105,1988.0
6106,
6107,0.0
6108,
6109,
6110,
6111,
6112,
6113,
6114,2013.0
6115,
6116,0.0
6117,2012.0
6118,
6119,1982.0
6120,
6121,1985.0
6122,
6123,1999.0
6124,
6125,
6126,
6127,1986.0
6128,
6129,2009.0
6130,
6131,2015.0
6132,
6133,
6134,
6135,
6136,
6137,
6138,1979.0
6139,
6140,
6141,1998.0
6142,
6143,1967.0
6144,
6145,1976.0
6146,0.0
6147,
6148,0.0
6149,1986.0
6150,
6151,
6152,1986.0
6153,
6154,
6155,1973.0
6156,
6157,
6158,
6159,
6160,
6161,
6162,
6163,
6164,
6165,2007.0
6166,0.0
6167,1994.0
6168,2005.0
6169,
6170,1988.0
6171,0.0
6172,2004.0
6173,2012.0
6174,
6175,1990.0
6176,
6177,
6178,1973.0
6179,
6180,1971.0
6181,
6182,1972.0
6183,
6184,
6185,1970.0
6186,
6187,1969.0
6188,
6189,
6190,1996.0
6191,
6192,1995.0
6193,
6194,
6195,
6196,2017.0
6197,
6198,
6199,1973.0
6200,
6201,0.0
6202,
6203,2007.0
6204,
6205,2016.0
6206,
6207,2005.0
6208,
6209,2000.0
6210,
6211,2006.0
6212,
6213,1974.0
6214,
6215,2006.0
6216,
6217,
6218,1996.0
6219,2015.0
6220,
6221,1997.0
6222,
6223,1988.0
6224,
6225,1973.0
6226,
6227,1974.0
6228,
6229,1972.0
6230,
6231,1999.0
6232,
6233,2015.0
6234,
6235,
6236,0.0
6237,
6238,2009.0
6239,
6240,1974.0
6241,
6242,
6243,
6244,1982.0
6245,
6246,2011.0
6247,
6248,1972.0
6249,
6250,2016.0
6251,
6252,2014.0
6253,
6254,
6255,0.0
6256,
6257,2002.0
6258,
6259,1998.0
6260,
6261,
6262,1994.0
6263,
6264,1991.0
6265,
6266,1981.0
6267,
6268,2012.0
6269,
6270,1996.0
6271,
6272,2008.0
6273,
6274,
6275,1970.0
6276,
6277,0.0
6278,
6279,1986.0
6280,
6281,2016.0
6282,
6283,
6284,1997.0
6285,
6286,1997.0
6287,
6288,1974.0
6289,
6290,
6291,1994.0
6292,
6293,2007.0
6294,
6295,2007.0
6296,
6297,
6298,
6299,0.0
6300,
6301,
6302,2009.0
6303,
6304,1986.0
6305,
6306,2002.0
6307,1984.0
6308,
6309,
6310,1977.0
6311,
6312,1997.0
6313,
6314,1982.0
6315,
6316,1992.0
6317,
6318,
6319,0.0
6320,
6321,
6322,
6323,
6324,1984.0
6325,2018.0
6326,
6327,
6328,
6329,
6330,0.0
6331,2016.0
6332,
6333,
6334,
6335,2002.0
6336,
6337,2003.0
6338,
6339,1976.0
6340,
6341,0.0
6342,
6343,2002.0
6344,
6345,0.0
6346,
6347,1970.0
6348,
6349,1974.0
6350,
6351,1980.0
6352,
6353,2010.0
6354,
6355,1976.0
6356,
6357,0.0
6358,
6359,1962.0
6360,
6361,0.0
6362,
6363,
6364,
6365,
6366,1979.0
6367,
6368,2008.0
6369,
6370,1976.0
6371,
6372,2006.0
6373,
6374,1978.0
6375,
6376,2002.0
6377,
6378,2003.0
6379,
6380,
6381,
6382,1996.0
6383,1981.0
6384,
6385,
6386,
6387,
6388,1993.0
6389,
6390,1976.0
6391,
6392,1982.0
6393,
6394,2012.0
6395,
6396,1967.0
6397,
6398,1991.0
6399,
6400,2008.0
6401,
6402,0.0
6403,
6404,1974.0
6405,
6406,0.0
6407,
6408,1972.0
6409,
6410,
6411,2008.0
6412,2008.0
6413,
6414,2018.0
6415,
6416,2008.0
6417,
6418,2008.0
6419,
6420,2008.0
6421,
6422,2008.0
6423,
6424,
6425,
6426,1974.0
6427,1997.0
6428,
6429,1969.0
6430,
6431,2007.0
6432,
6433,
6434,
6435,1980.0
6436,1968.0
6437,
6438,
6439,1996.0
6440,
6441,1973.0
6442,
6443,2009.0
6444,
6445,1964.0
6446,
6447,1976.0
6448,
6449,1974.0
6450,
6451,1973.0
6452,
6453,1970.0
6454,
6455,0.0
6456,
6457,1971.0
6458,
6459,2013.0
6460,
6461,1999.0
6462,
6463,2016.0
6464,
6465,1975.0
6466,
6467,1970.0
6468,
6469,1971.0
6470,
6471,2006.0
6472,
6473,1974.0
6474,
6475,1967.0
6476,
6477,1995.0
6478,
6479,1982.0
6480,
6481,1978.0
6482,
6483,1997.0
6484,
6485,1973.0
6486,
6487,2002.0
6488,
6489,2007.0
6490,
6491,1997.0
6492,
6493,2007.0
6494,
6495,2007.0
6496,
6497,2014.0
6498,
6499,2007.0
6500,
6501,1972.0
6502,
6503,2010.0
6504,
6505,2016.0
6506,
6507,1973.0
6508,
6509,1982.0
6510,
6511,
6512,2003.0
6513,0.0
6514,
6515,1996.0
6516,
6517,1968.0
6518,
6519,2009.0
6520,
6521,0.0
6522,
6523,1982.0
6524,
6525,2011.0
6526,
6527,1997.0
6528,
6529,2016.0
6530,
6531,1991.0
6532,
6533,1984.0
6534,
6535,1982.0
6536,
6537,
6538,1984.0
6539,
6540,1975.0
6541,
6542,1972.0
6543,
6544,2015.0
6545,
6546,2011.0
6547,
6548,2000.0
6549,
6550,
6551,1996.0
6552,
6553,
6554,
6555,0.0
6556,
6557,1980.0
6558,
6559,1983.0
6560,
6561,1967.0
6562,
6563,2004.0
6564,
6565,2001.0
6566,
6567,
6568,0.0
6569,1970.0
6570,
6571,1986.0
6572,
6573,1970.0
6574,
6575,1983.0
6576,
6577,1994.0
6578,
6579,1990.0
6580,
6581,1983.0
6582,
6583,1976.0
6584,
6585,1969.0
6586,
6587,1980.0
6588,
6589,2015.0
6590,
6591,0.0
6592,
6593,1984.0
6594,
6595,0.0
6596,
6597,1981.0
6598,
6599,2017.0
6600,
6601,1986.0
6602,
6603,1980.0
6604,
6605,2014.0
6606,
6607,1985.0
6608,
6609,2000.0
6610,
6611,1980.0
6612,
6613,1984.0
6614,
6615,1973.0
6616,
6617,0.0
6618,
6619,2013.0
6620,
6621,1979.0
6622,
6623,1972.0
6624,
6625,
6626,1980.0
6627,
6628,1981.0
6629,
6630,0.0
6631,
6632,1992.0
6633,
6634,1984.0
6635,
6636,1983.0
6637,
6638,1981.0
6639,
6640,2016.0
6641,
6642,1973.0
6643,
6644,1972.0
6645,
6646,1969.0
6647,
6648,1983.0
6649,
6650,
6651,1984.0
6652,
6653,2017.0
6654,
6655,2011.0
6656,
6657,
6658,2015.0
6659,
6660,1982.0
6661,
6662,2000.0
6663,
6664,1974.0
6665,
6666,1992.0
6667,
6668,1992.0
6669,
6670,
6671,2018.0
6672,
6673,1985.0
6674,
6675,
6676,1982.0
6677,
6678,0.0
6679,
6680,1992.0
6681,
6682,1983.0
6683,
6684,
6685,2011.0
6686,
6687,0.0
6688,
6689,1978.0
6690,
6691,1998.0
6692,
6693,
6694,1983.0
6695,
6696,1995.0
6697,
6698,2004.0
6699,
6700,1989.0
6701,
6702,0.0
6703,
6704,2017.0
6705,
6706,1986.0
6707,
6708,1982.0
6709,
6710,0.0
6711,
6712,1975.0
6713,
6714,1982.0
6715,
6716,
6717,2016.0
6718,
6719,1982.0
6720,
6721,1979.0
6722,
6723,1983.0
6724,
6725,1974.0
6726,
6727,2000.0
6728,
6729,1982.0
6730,
6731,1963.0
6732,
6733,1980.0
6734,
6735,
6736,1983.0
6737,
6738,
6739,1985.0
6740,1977.0
6741,
6742,0.0
6743,
6744,
6745,
6746,1972.0
6747,
6748,2010.0
6749,
6750,0.0
6751,
6752,1994.0
6753,
6754,1972.0
6755,
6756,1986.0
6757,
6758,1975.0
6759,
6760,
6761,1979.0
6762,
6763,0.0
6764,
6765,2012.0
6766,
6767,1978.0
6768,
6769,1983.0
6770,
6771,1986.0
6772,
6773,1982.0
6774,
6775,1974.0
6776,
6777,1967.0
6778,
6779,1982.0
6780,
6781,0.0
6782,
6783,1990.0
6784,
6785,0.0
6786,
6787,1991.0
6788,
6789,0.0
6790,
6791,2000.0
6792,
6793,0.0
6794,
6795,1984.0
6796,
6797,
6798,0.0
6799,
6800,0.0
6801,
6802,
6803,1982.0
6804,
6805,
6806,
6807,0.0
6808,1981.0
6809,
6810,
6811,0.0
6812,
6813,1963.0
6814,
6815,1974.0
6816,
6817,1984.0
6818,
6819,0.0
6820,
6821,2006.0
6822,
6823,2012.0
6824,
6825,1975.0
6826,
6827,2004.0
6828,
6829,1974.0
6830,
6831,2004.0
6832,
6833,1967.0
6834,
6835,1979.0
6836,
6837,1999.0
6838,
6839,1994.0
6840,
6841,2004.0
6842,
6843,2004.0
6844,
6845,2003.0
6846,
6847,2003.0
6848,
6849,2014.0
6850,
6851,1996.0
6852,
6853,1999.0
6854,
6855,1996.0
6856,
6857,
6858,1996.0
6859,
6860,1993.0
6861,
6862,1996.0
6863,
6864,1996.0
6865,
6866,2016.0
6867,
6868,
6869,2010.0
6870,
6871,1995.0
6872,
6873,
6874,1972.0
6875,0.0
6876,
6877,
6878,
6879,
6880,1994.0
6881,2013.0
6882,
6883,1994.0
6884,
6885,2017.0
6886,
6887,
6888,0.0
6889,
6890,1982.0
6891,
6892,
6893,0.0
6894,
6895,2018.0
6896,
6897,2012.0
6898,
6899,0.0
6900,
6901,
6902,2005.0
6903,
6904,1977.0
6905,
6906,2015.0
6907,
6908,2012.0
6909,
6910,1996.0
6911,
6912,1976.0
6913,
6914,1996.0
6915,
6916,2013.0
6917,
6918,1970.0
6919,
6920,1975.0
6921,
6922,0.0
6923,
6924,1970.0
6925,
6926,1998.0
6927,
6928,1998.0
6929,
6930,
6931,
6932,2003.0
6933,1980.0
6934,
6935,0.0
6936,
6937,1987.0
6938,
6939,2008.0
6940,
6941,2011.0
6942,
6943,0.0
6944,
6945,2015.0
6946,
6947,2001.0
6948,
6949,1977.0
6950,
6951,
6952,2016.0
6953,
6954,1982.0
6955,
6956,
6957,
6958,2014.0
6959,2008.0
6960,
6961,
6962,
6963,
6964,
6965,
6966,
6967,1980.0
6968,
6969,1980.0
6970,1979.0
6971,
6972,
6973,2008.0
6974,
6975,
6976,2000.0
6977,
6978,
6979,
6980,
6981,
6982,2010.0
6983,
6984,
6985,
6986,
6987,
6988,2004.0
6989,2015.0
6990,
6991,
6992,
6993,2002.0
6994,
6995,2006.0
6996,
6997,
6998,
6999,
7000,1990.0
7001,1988.0
7002,
7003,1972.0
7004,
7005,
7006,
7007,
7008,
7009,
7010,1963.0
7011,1986.0
7012,
7013,1991.0
7014,2001.0
7015,
7016,1996.0
7017,
7018,1986.0
7019,
7020,1993.0
7021,
7022,1973.0
7023,
7024,1993.0
7025,
7026,1971.0
7027,
7028,1991.0
7029,
7030,1992.0
7031,
7032,1995.0
7033,
7034,2016.0
7035,
7036,2005.0
7037,
7038,1972.0
7039,
7040,1981.0
7041,
7042,1970.0
7043,
7044,
7045,2011.0
7046,
7047,2014.0
7048,
7049,2013.0
7050,
7051,2011.0
7052,
7053,1998.0
7054,
7055,1982.0
7056,
7057,2013.0
7058,
7059,2011.0
7060,
7061,1979.0
7062,
7063,2002.0
7064,
7065,2011.0
7066,
7067,2014.0
7068,
7069,1977.0
7070,
7071,1978.0
7072,
7073,2002.0
7074,
7075,1994.0
7076,
7077,1986.0
7078,
7079,1991.0
7080,
7081,
7082,1984.0
7083,
7084,1988.0
7085,
7086,2008.0
7087,
7088,2011.0
7089,
7090,2002.0
7091,
7092,2000.0
7093,
7094,2011.0
7095,
7096,2008.0
7097,
7098,1986.0
7099,
7100,1979.0
7101,
7102,1999.0
7103,
7104,1999.0
7105,
7106,1980.0
7107,
7108,0.0
7109,
7110,1971.0
7111,
7112,0.0
7113,
7114,1973.0
7115,
7116,
7117,
7118,2012.0
7119,2003.0
7120,
7121,0.0
7122,
7123,2017.0
7124,
7125,
7126,0.0
7127,
7128,2017.0
7129,
7130,2005.0
7131,
7132,1974.0
7133,
7134,2005.0
7135,
7136,2003.0
7137,
7138,1982.0
7139,
7140,2006.0
7141,
7142,
7143,1995.0
7144,
7145,
7146,0.0
7147,
7148,
7149,
7150,
7151,
7152,2006.0
7153,2003.0
7154,
7155,
7156,2014.0
7157,
7158,2007.0
7159,
7160,1996.0
7161,
7162,2000.0
7163,
7164,
7165,
7166,1975.0
7167,2017.0
7168,
7169,1978.0
7170,
7171,1973.0
7172,
7173,
7174,1970.0
7175,
7176,2013.0
7177,
7178,2011.0
7179,
7180,
7181,2002.0
7182,
7183,2001.0
7184,
7185,2011.0
7186,
7187,
7188,2012.0
7189,
7190,1995.0
7191,
7192,
7193,1994.0
7194,
7195,
7196,1970.0
7197,
7198,
7199,1984.0
7200,
7201,2013.0
7202,
7203,
7204,1979.0
7205,
7206,2014.0
7207,
7208,1978.0
7209,
7210,
7211,1980.0
7212,
7213,2003.0
7214,
7215,2006.0
7216,
7217,
7218,0.0
7219,
7220,2001.0
7221,
7222,2013.0
7223,
7224,2017.0
7225,
7226,2012.0
7227,
7228,1973.0
7229,
7230,0.0
7231,
7232,1999.0
7233,
7234,2008.0
7235,
7236,2015.0
7237,
7238,2004.0
7239,
7240,2012.0
7241,
7242,1975.0
7243,
7244,2015.0
7245,
7246,
7247,2000.0
7248,
7249,2015.0
7250,
7251,1968.0
7252,
7253,
7254,1972.0
7255,
7256,
7257,2013.0
7258,2007.0
7259,
7260,
7261,
7262,2013.0
7263,0.0
7264,
7265,2001.0
7266,
7267,0.0
7268,
7269,2003.0
7270,
7271,1972.0
7272,
7273,
7274,2003.0
7275,
7276,1994.0
7277,
7278,1975.0
7279,
7280,2012.0
7281,
7282,1994.0
7283,
7284,2017.0
7285,
7286,1966.0
7287,
7288,0.0
7289,
7290,2001.0
7291,
7292,
7293,1994.0
7294,
7295,0.0
7296,
7297,
7298,1976.0
7299,
7300,1975.0
7301,
7302,1971.0
7303,
7304,1994.0
7305,
7306,0.0
7307,
7308,2015.0
7309,
7310,
7311,1974.0
7312,
7313,2000.0
7314,
7315,
7316,
7317,0.0
7318,2001.0
7319,
7320,0.0
7321,
7322,1994.0
7323,
7324,1994.0
7325,
7326,1972.0
7327,
7328,2005.0
7329,
7330,
7331,2006.0
7332,
7333,
7334,2009.0
7335,
7336,2006.0
7337,
7338,2008.0
7339,
7340,
7341,1976.0
7342,
7343,1990.0
7344,
7345,1975.0
7346,
7347,2006.0
7348,
7349,1991.0
7350,
7351,1978.0
7352,
7353,
7354,
7355,0.0
7356,
7357,1967.0
7358,
7359,
7360,1980.0
7361,
7362,1992.0
7363,
7364,1985.0
7365,
7366,0.0
7367,
7368,1975.0
7369,
7370,0.0
7371,
7372,
7373,1977.0
7374,
7375,
7376,1986.0
7377,
7378,0.0
7379,
7380,2006.0
7381,
7382,2017.0
7383,
7384,2018.0
7385,
7386,1985.0
7387,
7388,2011.0
7389,
7390,2004.0
7391,
7392,1969.0
7393,
7394,2008.0
7395,
7396,2013.0
7397,
7398,1983.0
7399,
7400,1996.0
7401,
7402,1983.0
7403,
7404,1976.0
7405,
7406,2005.0
7407,
7408,2005.0
7409,
7410,2006.0
7411,
7412,1971.0
7413,
7414,1974.0
7415,
7416,2009.0
7417,
7418,2007.0
7419,
7420,2015.0
7421,
7422,2011.0
7423,
7424,1975.0
7425,
7426,2004.0
7427,
7428,2017.0
7429,
7430,2009.0
7431,
7432,2001.0
7433,
7434,2007.0
7435,
7436,2004.0
7437,
7438,2009.0
7439,
7440,0.0
7441,
7442,2015.0
7443,
7444,
7445,1974.0
7446,
7447,0.0
7448,
7449,2009.0
7450,
7451,2009.0
7452,
7453,0.0
7454,
7455,2003.0
7456,
7457,
7458,1970.0
7459,
7460,2012.0
7461,
7462,2012.0
7463,
7464,1974.0
7465,
7466,2004.0
7467,
7468,1995.0
7469,
7470,2007.0
7471,
7472,2012.0
7473,
7474,2004.0
7475,
7476,1982.0
7477,
7478,2012.0
7479,
7480,1975.0
7481,
7482,1977.0
7483,
7484,1978.0
7485,
7486,1969.0
7487,
7488,1977.0
7489,
7490,
7491,1971.0
7492,
7493,1978.0
7494,
7495,1996.0
7496,
7497,1996.0
7498,
7499,1969.0
7500,
7501,2010.0
7502,
7503,
7504,2000.0
7505,
7506,1979.0
7507,
7508,1993.0
7509,
7510,1978.0
7511,
7512,2010.0
7513,
7514,2010.0
7515,
7516,
7517,1975.0
7518,
7519,1991.0
7520,
7521,2015.0
7522,
7523,
7524,
7525,2005.0
7526,
7527,1981.0
7528,
7529,
7530,
7531,
7532,
7533,
7534,0.0
7535,
7536,
7537,
7538,
7539,
7540,2015.0
7541,
7542,
7543,2001.0
7544,1976.0
7545,2010.0
7546,
7547,2005.0
7548,
7549,1973.0
7550,
7551,0.0
7552,
7553,1977.0
7554,
7555,1984.0
7556,
7557,2010.0
7558,
7559,2010.0
7560,
7561,2006.0
7562,
7563,1999.0
7564,
7565,2005.0
7566,
7567,2005.0
7568,
7569,0.0
7570,
7571,2003.0
7572,
7573,2001.0
7574,
7575,1972.0
7576,
7577,2010.0
7578,
7579,0.0
7580,
7581,2005.0
7582,
7583,2013.0
7584,
7585,1996.0
7586,
7587,2016.0
7588,
7589,2005.0
7590,
7591,1991.0
7592,
7593,1975.0
7594,
7595,2014.0
7596,
7597,
7598,1996.0
7599,
7600,1996.0
7601,
7602,1998.0
7603,
7604,1979.0
7605,
7606,1984.0
7607,
7608,2001.0
7609,
7610,1982.0
7611,
7612,2010.0
7613,
7614,2017.0
7615,
7616,1999.0
7617,
7618,1996.0
7619,
7620,2001.0
7621,
7622,1980.0
7623,
7624,2013.0
7625,
7626,1974.0
7627,
7628,2001.0
7629,
7630,1994.0
7631,
7632,
7633,2009.0
7634,
7635,
7636,0.0
7637,
7638,2006.0
7639,
7640,1993.0
7641,
7642,1987.0
7643,
7644,1978.0
7645,
7646,
7647,1974.0
7648,2011.0
7649,
7650,
7651,2005.0
7652,
7653,0.0
7654,
7655,2006.0
7656,
7657,2008.0
7658,
7659,1963.0
7660,
7661,
7662,2014.0
7663,
7664,1996.0
7665,
7666,2015.0
7667,
7668,1982.0
7669,
7670,2011.0
7671,
7672,1980.0
7673,
7674,1987.0
7675,
7676,1978.0
7677,
7678,1984.0
7679,
7680,1971.0
7681,
7682,1996.0
7683,
7684,0.0
7685,
7686,1986.0
7687,
7688,1981.0
7689,
7690,0.0
7691,
7692,0.0
7693,
7694,2012.0
7695,
7696,2008.0
7697,
7698,1976.0
7699,
7700,0.0
7701,
7702,2012.0
7703,
7704,1976.0
7705,
7706,1993.0
7707,
7708,1967.0
7709,
7710,2003.0
7711,
7712,2012.0
7713,
7714,1973.0
7715,
7716,2012.0
7717,
7718,2000.0
7719,
7720,2003.0
7721,
7722,0.0
7723,
7724,0.0
7725,
7726,1974.0
7727,
7728,
7729,1970.0
7730,
7731,1962.0
7732,
7733,2001.0
7734,
7735,1983.0
7736,
7737,0.0
7738,
7739,2008.0
7740,
7741,1986.0
7742,
7743,
7744,1981.0
7745,
7746,2006.0
7747,
7748,2018.0
7749,
7750,1970.0
7751,
7752,1971.0
7753,
7754,1989.0
7755,
7756,0.0
7757,
7758,0.0
7759,
7760,1996.0
7761,
7762,1998.0
7763,
7764,2012.0
7765,
7766,0.0
7767,
7768,
7769,1990.0
7770,
7771,
7772,1968.0
7773,
7774,
7775,1976.0
7776,
7777,
7778,2014.0
7779,
7780,
7781,
7782,1994.0
7783,
7784,1974.0
7785,
7786,1997.0
7787,
7788,1981.0
7789,
7790,
7791,2008.0
7792,
7793,1975.0
7794,
7795,1970.0
7796,
7797,1975.0
7798,
7799,2011.0
7800,
7801,2015.0
7802,
7803,1976.0
7804,
7805,2008.0
7806,
7807,2008.0
7808,
7809,2008.0
7810,
7811,
7812,2012.0
7813,
7814,1999.0
7815,
7816,2015.0
7817,
7818,2015.0
7819,
7820,
7821,
7822,2004.0
7823,1963.0
7824,
7825,
7826,1990.0
7827,
7828,
7829,
7830,
7831,
7832,
7833,
7834,1969.0
7835,2012.0
7836,0.0
7837,
7838,1975.0
7839,
7840,1990.0
7841,
7842,2002.0
7843,
7844,
7845,
7846,1975.0
7847,0.0
7848,
7849,0.0
7850,
7851,
7852,2007.0
7853,
7854,1977.0
7855,
7856,1996.0
7857,
7858,1988.0
7859,
7860,2001.0
7861,
7862,1985.0
7863,
7864,2015.0
7865,
7866,2000.0
7867,
7868,2002.0
7869,
7870,1972.0
7871,
7872,1989.0
7873,
7874,1996.0
7875,
7876,
7877,1972.0
7878,
7879,2002.0
7880,
7881,1977.0
7882,
7883,1990.0
7884,
7885,1992.0
7886,
7887,2010.0
7888,
7889,1971.0
7890,
7891,1971.0
7892,
7893,1989.0
7894,
7895,1964.0
7896,
7897,2002.0
7898,
7899,
7900,
7901,2001.0
7902,2018.0
7903,
7904,1997.0
7905,
7906,2006.0
7907,
7908,1981.0
7909,
7910,
7911,1973.0
7912,
7913,1974.0
7914,
7915,1998.0
7916,
7917,2000.0
7918,
7919,2008.0
7920,
7921,0.0
7922,
7923,2002.0
7924,
7925,0.0
7926,
7927,2014.0
7928,
7929,
7930,0.0
7931,
7932,2014.0
7933,
7934,1971.0
7935,
7936,1972.0
7937,
7938,2016.0
7939,
7940,1981.0
7941,
7942,2001.0
7943,
7944,1996.0
7945,
7946,2012.0
7947,
7948,
7949,1999.0
7950,
7951,
7952,1974.0
7953,
7954,1996.0
7955,
7956,1973.0
7957,
7958,1995.0
7959,
7960,0.0
7961,
7962,0.0
7963,
7964,1998.0
7965,
7966,0.0
7967,
7968,2010.0
7969,
7970,
7971,1974.0
7972,
7973,
7974,0.0
7975,1970.0
7976,
7977,1979.0
7978,
7979,
7980,2009.0
7981,
7982,0.0
7983,
7984,2012.0
7985,
7986,
7987,0.0
7988,
7989,1997.0
7990,
7991,2007.0
7992,
7993,1980.0
7994,
7995,0.0
7996,
7997,0.0
7998,
7999,1997.0
8000,
8001,2014.0
8002,
8003,1986.0
8004,
8005,2009.0
8006,
8007,0.0
8008,
8009,0.0
8010,
8011,0.0
8012,
8013,0.0
8014,
8015,1975.0
8016,
8017,1980.0
8018,
8019,2015.0
8020,
8021,2013.0
8022,
8023,0.0
8024,
8025,2015.0
8026,
8027,2001.0
8028,
8029,2015.0
8030,
8031,2015.0
8032,
8033,2015.0
8034,
8035,1995.0
8036,
8037,1971.0
8038,
8039,1982.0
8040,
8041,2015.0
8042,
8043,2015.0
8044,
8045,1996.0
8046,
8047,
8048,1986.0
8049,
8050,2003.0
8051,
8052,1973.0
8053,
8054,
8055,2009.0
8056,
8057,2002.0
8058,
8059,
8060,
8061,
8062,0.0
8063,2016.0
8064,
8065,1970.0
8066,
8067,1982.0
8068,
8069,2000.0
8070,
8071,
8072,2002.0
8073,
8074,2004.0
8075,
8076,2008.0
8077,
8078,
8079,2011.0
8080,
8081,
8082,1998.0
8083,
8084,
8085,
8086,
8087,
8088,
8089,
8090,
8091,
8092,2004.0
8093,
8094,2014.0
8095,
8096,
8097,
8098,
8099,
8100,
8101,1982.0
8102,
8103,0.0
8104,
8105,1996.0
8106,0.0
8107,
8108,1975.0
8109,
8110,0.0
8111,
8112,2011.0
8113,
8114,
8115,1975.0
8116,
8117,2010.0
8118,
8119,1969.0
8120,
8121,2011.0
8122,
8123,
8124,
8125,0.0
8126,1973.0
8127,
8128,
8129,0.0
8130,
8131,
8132,1976.0
8133,
8134,
8135,2014.0
8136,
8137,1999.0
8138,
8139,
8140,2007.0
8141,
8142,
8143,0.0
8144,
8145,
8146,
8147,1970.0
8148,
8149,
8150,1965.0
8151,
8152,2011.0
8153,
8154,2002.0
8155,
8156,2004.0
8157,
8158,0.0
8159,
8160,
8161,
8162,2016.0
8163,1974.0
8164,
8165,2006.0
8166,
8167,1986.0
8168,
8169,1966.0
8170,
8171,
8172,2012.0
8173,
8174,
8175,
8176,2016.0
8177,
8178,
8179,
8180,
8181,
8182,
8183,2016.0
8184,
8185,2012.0
8186,1997.0
8187,
8188,1988.0
8189,
8190,1992.0
8191,
8192,1992.0
8193,
8194,1995.0
8195,
8196,1992.0
8197,
8198,1982.0
8199,
8200,1995.0
8201,
8202,1986.0
8203,
8204,1990.0
8205,
8206,1992.0
8207,
8208,0.0
8209,
8210,2013.0
8211,
8212,2008.0
8213,
8214,1979.0
8215,
8216,
8217,1992.0
8218,
8219,1973.0
8220,
8221,2012.0
8222,
8223,1979.0
8224,
8225,1994.0
8226,
8227,1999.0
8228,
8229,
8230,1995.0
8231,
8232,1995.0
8233,
8234,1982.0
8235,
8236,1974.0
8237,
8238,2016.0
8239,
8240,2003.0
8241,
8242,1986.0
8243,
8244,2008.0
8245,
8246,0.0
8247,
8248,1995.0
8249,
8250,2014.0
8251,
8252,2004.0
8253,
8254,1987.0
8255,
8256,1994.0
8257,
8258,1998.0
8259,
8260,2001.0
8261,
8262,
8263,1982.0
8264,
8265,1999.0
8266,
8267,1988.0
8268,
8269,2013.0
8270,
8271,1996.0
8272,
8273,2016.0
8274,
8275,0.0
8276,
8277,2006.0
8278,
8279,1999.0
8280,
8281,2008.0
8282,
8283,
8284,2017.0
8285,
8286,2002.0
8287,
8288,1988.0
8289,
8290,1994.0
8291,
8292,1962.0
8293,
8294,1972.0
8295,
8296,1974.0
8297,
8298,0.0
8299,
8300,2015.0
8301,
8302,1997.0
8303,
8304,1983.0
8305,
8306,2001.0
8307,
8308,0.0
8309,
8310,0.0
8311,
8312,1983.0
8313,
8314,2008.0
8315,
8316,0.0
8317,
8318,1994.0
8319,
8320,0.0
8321,
8322,2013.0
8323,
8324,0.0
8325,
8326,
8327,
8328,
8329,2001.0
8330,
8331,1999.0
8332,
8333,
8334,1974.0
8335,
8336,
8337,1971.0
8338,
8339,
8340,
8341,
8342,1974.0
8343,2001.0
8344,
8345,0.0
8346,
8347,2016.0
8348,
8349,2002.0
8350,
8351,
8352,1991.0
8353,
8354,1993.0
8355,
8356,0.0
8357,
8358,2010.0
8359,
8360,1977.0
8361,
8362,2008.0
8363,
8364,1997.0
8365,
8366,1986.0
8367,
8368,1986.0
8369,
8370,2010.0
8371,
8372,0.0
8373,
8374,2010.0
8375,
8376,1998.0
8377,
8378,2001.0
8379,
8380,2009.0
8381,
8382,1998.0
8383,
8384,2003.0
8385,
8386,1981.0
8387,
8388,1990.0
8389,
8390,2008.0
8391,
8392,1994.0
8393,
8394,1997.0
8395,
8396,1971.0
8397,
8398,2009.0
8399,
8400,2014.0
8401,
8402,2006.0
8403,
8404,1995.0
8405,
8406,1995.0
8407,
8408,1970.0
8409,
8410,0.0
8411,
8412,1979.0
8413,
8414,2001.0
8415,
8416,1997.0
8417,
8418,1976.0
8419,
8420,1995.0
8421,
8422,2002.0
8423,
8424,1996.0
8425,
8426,2008.0
8427,
8428,1975.0
8429,
8430,1980.0
8431,
8432,1994.0
8433,
8434,
8435,
8436,1996.0
8437,1998.0
8438,
8439,2006.0
8440,
8441,2000.0
8442,
8443,2017.0
8444,
8445,1975.0
8446,
8447,1970.0
8448,
8449,2000.0
8450,
8451,1975.0
8452,
8453,1986.0
8454,
8455,
8456,1994.0
8457,
8458,1976.0
8459,
8460,0.0
8461,
8462,2004.0
8463,
8464,2014.0
8465,
8466,1974.0
8467,
8468,1977.0
8469,
8470,1972.0
8471,
8472,2016.0
8473,
8474,2006.0
8475,
8476,0.0
8477,
8478,1975.0
8479,
8480,2000.0
8481,
8482,
8483,2005.0
8484,
8485,1995.0
8486,
8487,1965.0
8488,
8489,2012.0
8490,
8491,2005.0
8492,
8493,2001.0
8494,
8495,2017.0
8496,
8497,0.0
8498,
8499,1979.0
8500,
8501,
8502,
8503,
8504,
8505,1971.0
8506,1964.0
8507,1987.0
8508,
8509,0.0
8510,
8511,1973.0
8512,
8513,0.0
8514,
8515,1968.0
8516,
8517,
8518,1967.0
8519,
8520,1981.0
8521,
8522,
8523,
8524,2004.0
8525,
8526,2015.0
8527,
8528,2012.0
8529,
8530,
8531,
8532,1970.0
8533,
8534,0.0
8535,
8536,1978.0
8537,
8538,1983.0
8539,
8540,
8541,1979.0
8542,
8543,1999.0
8544,
8545,0.0
8546,
8547,1971.0
8548,
8549,2015.0
8550,
8551,
8552,
8553,
8554,2015.0
8555,2005.0
8556,2009.0
8557,
8558,2011.0
8559,
8560,1981.0
8561,
8562,2005.0
8563,
8564,1982.0
8565,
8566,
8567,
8568,2002.0
8569,2005.0
8570,
8571,2014.0
8572,
8573,2008.0
8574,
8575,1989.0
8576,
8577,0.0
8578,
8579,0.0
8580,
8581,2006.0
8582,
8583,2000.0
8584,
8585,0.0
8586,
8587,1974.0
8588,
8589,1975.0
8590,
8591,1967.0
8592,
8593,2006.0
8594,
8595,2003.0
8596,
8597,2013.0
8598,
8599,2011.0
8600,
8601,0.0
8602,
8603,1985.0
8604,
8605,2001.0
8606,
8607,2003.0
8608,
8609,1981.0
8610,
8611,2003.0
8612,
8613,1967.0
8614,
8615,2004.0
8616,
8617,1995.0
8618,
8619,2008.0
8620,
8621,0.0
8622,
8623,2008.0
8624,
8625,2001.0
8626,
8627,2009.0
8628,
8629,2002.0
8630,
8631,2008.0
8632,
8633,1986.0
8634,
8635,2008.0
8636,
8637,0.0
8638,
8639,0.0
8640,
8641,2001.0
8642,
8643,2001.0
8644,
8645,1977.0
8646,
8647,2010.0
8648,
8649,1985.0
8650,
8651,2014.0
8652,
8653,2008.0
8654,
8655,2003.0
8656,
8657,2010.0
8658,
8659,1969.0
8660,
8661,1993.0
8662,
8663,1995.0
8664,
8665,2009.0
8666,
8667,1992.0
8668,
8669,2015.0
8670,
8671,2003.0
8672,
8673,0.0
8674,
8675,2014.0
8676,
8677,2010.0
8678,
8679,2005.0
8680,
8681,
8682,2008.0
8683,
8684,1992.0
8685,
8686,1993.0
8687,
8688,2012.0
8689,
8690,2013.0
8691,
8692,1971.0
8693,
8694,2004.0
8695,
8696,1998.0
8697,
8698,1996.0
8699,
8700,2011.0
8701,
8702,
8703,2008.0
8704,
8705,2006.0
8706,
8707,1995.0
8708,
8709,
8710,1996.0
8711,
8712,1977.0
8713,
8714,2009.0
8715,
8716,2000.0
8717,
8718,2001.0
8719,
8720,0.0
8721,
8722,2013.0
8723,
8724,2005.0
8725,
8726,2005.0
8727,
8728,2004.0
8729,
8730,2004.0
8731,
8732,
8733,1976.0
8734,
8735,
8736,1998.0
8737,
8738,2009.0
8739,
8740,2008.0
8741,
8742,
8743,2003.0
8744,
8745,2004.0
8746,
8747,2005.0
8748,
8749,1984.0
8750,
8751,2013.0
8752,
8753,1964.0
8754,
8755,
8756,0.0
8757,
8758,1981.0
8759,
8760,0.0
8761,
8762,0.0
8763,
8764,0.0
8765,
8766,2010.0
8767,
8768,2008.0
8769,
8770,2008.0
8771,
8772,2005.0
8773,
8774,2009.0
8775,
8776,1973.0
8777,
8778,1994.0
8779,
8780,1998.0
8781,
8782,2004.0
8783,
8784,2012.0
8785,
8786,1994.0
8787,
8788,2005.0
8789,
8790,1995.0
8791,
8792,1972.0
8793,
8794,
8795,1970.0
8796,
8797,2010.0
8798,
8799,2011.0
8800,
8801,2006.0
8802,
8803,1989.0
8804,
8805,2008.0
8806,
8807,1974.0
8808,
8809,2001.0
8810,
8811,2014.0
8812,
8813,2005.0
8814,
8815,2003.0
8816,
8817,2004.0
8818,
8819,0.0
8820,
8821,2005.0
8822,
8823,2003.0
8824,
8825,1979.0
8826,
8827,2004.0
8828,
8829,1968.0
8830,
8831,1986.0
8832,
8833,2004.0
8834,
8835,1970.0
8836,
8837,
8838,1975.0
8839,
8840,2009.0
8841,
8842,
8843,2010.0
8844,
8845,1974.0
8846,
8847,2009.0
8848,
8849,
8850,1976.0
8851,
8852,2004.0
8853,
8854,2015.0
8855,
8856,1977.0
8857,
8858,1996.0
8859,
8860,
8861,1999.0
8862,
8863,
8864,1970.0
8865,
8866,
8867,1975.0
8868,
8869,2009.0
8870,
8871,
8872,2010.0
8873,
8874,1974.0
8875,
8876,2009.0
8877,
8878,
8879,1976.0
8880,
8881,2004.0
8882,
8883,2015.0
8884,
8885,1977.0
8886,
8887,1996.0
8888,
8889,0.0
8890,
8891,
8892,1999.0
8893,
8894,1996.0
8895,
8896,2004.0
8897,
8898,1980.0
8899,
8900,0.0
8901,
8902,1998.0
8903,
8904,
8905,0.0
8906,
8907,2004.0
8908,
8909,
8910,2004.0
8911,
8912,2004.0
8913,
8914,2000.0
8915,
8916,2017.0
8917,
8918,
8919,1976.0
8920,
8921,1970.0
8922,
8923,2000.0
8924,
8925,0.0
8926,
8927,1977.0
8928,
8929,2012.0
8930,
8931,1983.0
8932,
8933,1964.0
8934,
8935,
8936,0.0
8937,
8938,1976.0
8939,
8940,1994.0
8941,
8942,0.0
8943,
8944,
8945,1980.0
8946,
8947,0.0
8948,
8949,2002.0
8950,
8951,1971.0
8952,
8953,
8954,1991.0
8955,
8956,0.0
8957,
8958,0.0
8959,
8960,1986.0
8961,
8962,
8963,
8964,2000.0
8965,
8966,0.0
8967,
8968,0.0
8969,
8970,1969.0
8971,
8972,
8973,2008.0
8974,
8975,2009.0
8976,
8977,1981.0
8978,
8979,0.0
8980,
8981,1959.0
8982,
8983,2016.0
8984,
8985,
8986,2008.0
8987,
8988,1975.0
8989,
8990,1983.0
8991,
8992,
8993,2013.0
8994,
8995,1995.0
8996,
8997,1979.0
8998,
8999,0.0
9000,
9001,
9002,1972.0
9003,
9004,2011.0
9005,
9006,1996.0
9007,
9008,0.0
9009,
9010,1979.0
9011,
9012,1995.0
9013,
9014,2012.0
9015,
9016,1982.0
9017,
9018,1978.0
9019,
9020,1982.0
9021,
9022,2008.0
9023,
9024,2009.0
9025,
9026,0.0
9027,
9028,1974.0
9029,
9030,1964.0
9031,
9032,1968.0
9033,
9034,2017.0
9035,
9036,1986.0
9037,
9038,0.0
9039,
9040,2011.0
9041,
9042,2014.0
9043,
9044,1978.0
9045,
9046,1982.0
9047,
9048,1998.0
9049,
9050,0.0
9051,
9052,2003.0
9053,
9054,1972.0
9055,
9056,2009.0
9057,
9058,1976.0
9059,
9060,1967.0
9061,
9062,0.0
9063,
9064,1997.0
9065,
9066,2007.0
9067,
9068,1996.0
9069,
9070,0.0
9071,
9072,2004.0
9073,
9074,2006.0
9075,
9076,
9077,
9078,
9079,2014.0
9080,2007.0
9081,
9082,2014.0
9083,
9084,2014.0
9085,
9086,
9087,
9088,1977.0
9089,
9090,
9091,
9092,1974.0
9093,
9094,2009.0
9095,
9096,2013.0
9097,
9098,1997.0
9099,
9100,0.0
9101,
9102,0.0
9103,
9104,1986.0
9105,
9106,1969.0
9107,
9108,1963.0
9109,
9110,0.0
9111,
9112,1961.0
9113,
9114,2017.0
9115,
9116,
9117,
9118,2016.0
9119,1976.0
9120,
9121,2014.0
9122,
9123,1995.0
9124,
9125,2008.0
9126,
9127,2012.0
9128,
9129,1984.0
9130,
9131,1987.0
9132,
9133,1965.0
9134,
9135,2012.0
9136,
9137,1978.0
9138,
9139,1998.0
9140,
9141,1994.0
9142,
9143,1996.0
9144,
9145,2004.0
9146,
9147,2008.0
9148,
9149,1996.0
9150,
9151,2008.0
9152,
9153,1986.0
9154,
9155,1994.0
9156,
9157,2004.0
9158,
9159,0.0
9160,
9161,2002.0
9162,
9163,0.0
9164,
9165,2000.0
9166,
9167,0.0
9168,
9169,1995.0
9170,
9171,2003.0
9172,
9173,1984.0
9174,
9175,2005.0
9176,
9177,2016.0
9178,
9179,0.0
9180,
9181,1993.0
9182,
9183,1991.0
9184,
9185,1995.0
9186,
9187,0.0
9188,
9189,
9190,1991.0
9191,
9192,1989.0
9193,
9194,2005.0
9195,
9196,2016.0
9197,
9198,2004.0
9199,
9200,1975.0
9201,
9202,2008.0
9203,
9204,1991.0
9205,
9206,2011.0
9207,
9208,
9209,0.0
9210,
9211,1991.0
9212,
9213,1998.0
9214,
9215,1982.0
9216,
9217,2016.0
9218,
9219,1981.0
9220,
9221,1978.0
9222,
9223,0.0
9224,
9225,1999.0
9226,
9227,1998.0
9228,
9229,1976.0
9230,
9231,1979.0
9232,
9233,
9234,1979.0
9235,
9236,2001.0
9237,
9238,1993.0
9239,
9240,1984.0
9241,
9242,0.0
9243,
9244,2010.0
9245,
9246,2013.0
9247,
9248,1997.0
9249,
9250,1976.0
9251,
9252,1978.0
9253,
9254,2007.0
9255,
9256,1973.0
9257,
9258,2010.0
9259,
9260,1990.0
9261,
9262,
9263,1984.0
9264,
9265,2011.0
9266,
9267,2012.0
9268,
9269,1995.0
9270,
9271,2009.0
9272,
9273,
9274,
9275,
9276,
9277,
9278,
9279,
9280,
9281,
9282,
9283,1979.0
9284,
9285,
9286,
9287,
9288,1972.0
9289,
9290,1993.0
9291,
9292,
9293,
9294,1986.0
9295,2008.0
9296,
9297,0.0
9298,
9299,
9300,1979.0
9301,2013.0
9302,
9303,
9304,
9305,
9306,
9307,
9308,
9309,
9310,
9311,
9312,2008.0
9313,
9314,
9315,
9316,
9317,
9318,
9319,
9320,0.0
9321,
9322,
9323,
9324,2007.0
9325,
9326,
9327,
9328,
9329,
9330,
9331,
9332,1963.0
9333,
9334,
9335,0.0
9336,
9337,
9338,0.0
9339,
9340,
9341,0.0
9342,1996.0
9343,
9344,1981.0
9345,
9346,
9347,
9348,
9349,2010.0
9350,
9351,
9352,
9353,
9354,2012.0
9355,2010.0
9356,
9357,0.0
9358,
9359,1997.0
9360,
9361,
9362,
9363,
9364,
9365,
9366,
9367,2000.0
9368,
9369,
9370,1979.0
9371,
9372,2002.0
9373,
9374,2008.0
9375,
9376,
9377,
9378,
9379,
9380,
9381,
9382,0.0
9383,1983.0
9384,
9385,1974.0
9386,
9387,
9388,0.0
9389,
9390,
9391,0.0
9392,
9393,
9394,0.0
9395,
9396,
9397,
9398,0.0
9399,2012.0
9400,
9401,1983.0
9402,
9403,
9404,1979.0
9405,
9406,2001.0
9407,
9408,1968.0
9409,
9410,1984.0
9411,
9412,
9413,2002.0
9414,
9415,
9416,2006.0
9417,
9418,
9419,2015.0
9420,
9421,
9422,2017.0
9423,
9424,1972.0
9425,
9426,2012.0
9427,
9428,2010.0
9429,
9430,1982.0
9431,
9432,1980.0
9433,
9434,0.0
9435,
9436,2011.0
9437,
9438,2007.0
9439,
9440,1990.0
9441,
9442,1977.0
9443,
9444,
9445,2006.0
9446,
9447,0.0
9448,
9449,2012.0
9450,
9451,1998.0
9452,
9453,1980.0
9454,
9455,1994.0
9456,
9457,2006.0
9458,
9459,
9460,0.0
9461,
9462,1998.0
9463,
9464,0.0
9465,
9466,
9467,
9468,2008.0
9469,2013.0
9470,
9471,2010.0
9472,
9473,1981.0
9474,
9475,1981.0
9476,
9477,
9478,
9479,2006.0
9480,1989.0
9481,
9482,2001.0
9483,
9484,2012.0
9485,
9486,2004.0
9487,
9488,1966.0
9489,
9490,2010.0
9491,
9492,1975.0
9493,
9494,0.0
9495,
9496,2008.0
9497,
9498,2006.0
9499,
9500,2016.0
9501,
9502,2011.0
9503,
9504,2014.0
9505,
9506,2008.0
9507,
9508,2006.0
9509,
9510,2008.0
9511,
9512,2015.0
9513,
9514,1975.0
9515,
9516,2006.0
9517,
9518,1993.0
9519,
9520,1988.0
9521,
9522,0.0
9523,
9524,2008.0
9525,
9526,2008.0
9527,
9528,2016.0
9529,
9530,2005.0
9531,
9532,1998.0
9533,
9534,1972.0
9535,
9536,0.0
9537,
9538,1973.0
9539,
9540,0.0
9541,
9542,
9543,1998.0
9544,
9545,1974.0
9546,
9547,1973.0
9548,
9549,1998.0
9550,
9551,
9552,
9553,2007.0
9554,
9555,
9556,
9557,
9558,
9559,
9560,
9561,
9562,1972.0
9563,
9564,0.0
9565,
9566,
9567,
9568,
9569,
9570,1990.0
9571,0.0
9572,
9573,1971.0
9574,
9575,
9576,0.0
9577,
9578,
9579,2012.0
9580,
9581,
9582,
9583,
9584,
9585,1973.0
9586,1975.0
9587,
9588,
9589,
9590,2014.0
9591,
9592,
9593,
9594,2010.0
9595,
9596,1973.0
9597,
9598,
9599,0.0
9600,
9601,
9602,2006.0
9603,
9604,
9605,1995.0
9606,
9607,2013.0
9608,
9609,2005.0
9610,
9611,1974.0
9612,
9613,1981.0
9614,
9615,0.0
9616,
9617,2005.0
9618,
9619,
9620,2017.0
9621,
9622,2017.0
9623,
9624,1979.0
9625,
9626,0.0
9627,
9628,
9629,2010.0
9630,
9631,
9632,2017.0
9633,
9634,2016.0
9635,
9636,
9637,
9638,2012.0
9639,
9640,2000.0
9641,
9642,0.0
9643,
9644,2014.0
9645,
9646,
9647,1963.0
9648,
9649,
9650,0.0
9651,
9652,1970.0
9653,
9654,1970.0
9655,
9656,
9657,1976.0
9658,
9659,2018.0
9660,
9661,1996.0
9662,
9663,
9664,
9665,2006.0
9666,
9667,2007.0
9668,
9669,2017.0
9670,
9671,
9672,1972.0
9673,
9674,1970.0
9675,
9676,
9677,1980.0
9678,
9679,1984.0
9680,
9681,2001.0
9682,
9683,
9684,2008.0
9685,
9686,2010.0
9687,
9688,2009.0
9689,
9690,2016.0
9691,
9692,2013.0
9693,
9694,
9695,1981.0
9696,
9697,1982.0
9698,
9699,2012.0
9700,
9701,2009.0
9702,
9703,0.0
9704,
9705,2010.0
9706,
9707,2011.0
9708,
9709,0.0
9710,
9711,1985.0
9712,
9713,2010.0
9714,
9715,2005.0
9716,
9717,1996.0
9718,
9719,1978.0
9720,
9721,1989.0
9722,
9723,1976.0
9724,
9725,2009.0
9726,
9727,2005.0
9728,
9729,2009.0
9730,
9731,1999.0
9732,
9733,2010.0
9734,
9735,
9736,0.0
9737,
9738,
9739,
9740,2001.0
9741,1963.0
9742,
9743,2006.0
9744,
9745,1970.0
9746,
9747,1998.0
9748,
9749,2010.0
9750,
9751,2014.0
9752,
9753,2002.0
9754,
9755,1976.0
9756,
9757,1970.0
9758,
9759,1986.0
9760,
9761,2016.0
9762,
9763,1998.0
9764,
9765,
9766,
9767,1993.0
9768,2004.0
9769,
9770,
9771,2008.0
9772,
9773,
9774,2016.0
9775,
9776,2018.0
9777,
9778,1978.0
9779,
9780,
9781,
9782,2000.0
9783,2016.0
9784,
9785,1992.0
9786,
9787,2012.0
9788,
9789,2016.0
9790,
9791,2005.0
9792,
9793,1981.0
9794,
9795,
9796,
9797,
9798,
9799,
9800,
9801,1972.0
9802,
9803,2006.0
9804,
9805,2013.0
9806,
9807,0.0
9808,
9809,1995.0
9810,
9811,1972.0
9812,
9813,1997.0
9814,
9815,0.0
9816,
9817,
9818,0.0
9819,2017.0
9820,
9821,2014.0
9822,
9823,0.0
9824,
9825,0.0
9826,
9827,
9828,
9829,
9830,1975.0
9831,1984.0
9832,
9833,1997.0
9834,
9835,
9836,2013.0
9837,
9838,2015.0
9839,
9840,2013.0
9841,
9842,2013.0
9843,
9844,2013.0
9845,
9846,2011.0
9847,
9848,2013.0
9849,
9850,2010.0
9851,
9852,2013.0
9853,
9854,2014.0
9855,
9856,
9857,1968.0
9858,
9859,2014.0
9860,
9861,2012.0
9862,
9863,1999.0
9864,
9865,
9866,1999.0
9867,
9868,1975.0
9869,
9870,
9871,2015.0
9872,
9873,1998.0
9874,
9875,2013.0
9876,
9877,1974.0
9878,
9879,2012.0
9880,
9881,
9882,2006.0
9883,
9884,0.0
9885,
9886,1996.0
9887,
9888,
9889,2012.0
9890,
9891,0.0
9892,
9893,
9894,
9895,1978.0
9896,
9897,0.0
9898,
9899,2009.0
9900,
9901,1981.0
9902,
9903,
9904,1973.0
9905,
9906,
9907,1996.0
9908,
9909,1970.0
9910,
9911,2016.0
9912,
9913,
9914,1993.0
9915,
9916,
9917,2005.0
9918,
9919,1994.0
9920,
9921,1996.0
9922,
9923,1986.0
9924,
9925,1999.0
9926,
9927,2001.0
9928,
9929,2001.0
9930,
9931,1970.0
9932,
9933,1973.0
9934,
9935,1999.0
9936,
9937,2014.0
9938,
9939,2014.0
9940,
9941,1996.0
9942,
9943,1993.0
9944,
9945,1996.0
9946,
9947,1981.0
9948,
9949,0.0
9950,
9951,2005.0
9952,
9953,2005.0
9954,
9955,1970.0
9956,
9957,2012.0
9958,
9959,2005.0
9960,
9961,2005.0
9962,
9963,1999.0
9964,
9965,
9966,1968.0
9967,
9968,
9969,1996.0
9970,
9971,1976.0
9972,
9973,0.0
9974,
9975,
9976,1966.0
9977,
9978,
9979,
9980,1974.0
9981,
9982,
9983,
9984,
9985,
9986,
9987,
9988,
9989,0.0
9990,
9991,
9992,
9993,
9994,
9995,
9996,
9997,
9998,1985.0
9999,2013.0
10000,2013.0
10001,0.0
10002,
10003,2015.0
10004,
10005,2007.0
10006,
10007,
10008,2016.0
10009,
10010,2010.0
10011,
10012,2012.0
10013,
10014,2010.0
10015,
10016,2012.0
10017,
10018,
10019,1973.0
10020,
10021,2013.0
10022,
10023,
10024,
10025,2016.0
10026,1999.0
10027,
10028,2007.0
10029,
10030,2013.0
10031,
10032,2016.0
10033,
10034,1973.0
10035,
10036,2013.0
10037,
10038,1972.0
10039,
10040,2012.0
10041,
10042,2011.0
10043,
10044,2012.0
10045,
10046,1983.0
10047,
10048,2013.0
10049,
10050,1966.0
10051,
10052,
10053,
10054,1999.0
10055,
10056,0.0
10057,2011.0
10058,
10059,1971.0
10060,
10061,1973.0
10062,
10063,2017.0
10064,
10065,1989.0
10066,
10067,2000.0
10068,
10069,2010.0
10070,
10071,2016.0
10072,
10073,2015.0
10074,
10075,0.0
10076,
10077,
10078,1973.0
10079,2009.0
10080,
10081,2000.0
10082,
10083,2008.0
10084,
10085,0.0
10086,
10087,0.0
10088,
10089,0.0
10090,
10091,1983.0
10092,
10093,1976.0
10094,
10095,2011.0
10096,
10097,1984.0
10098,
10099,1981.0
10100,
10101,
10102,1997.0
10103,
10104,2013.0
10105,
10106,2000.0
10107,
10108,
10109,0.0
10110,
10111,1966.0
10112,
10113,2005.0
10114,
10115,0.0
10116,
10117,1996.0
10118,
10119,1973.0
10120,
10121,1979.0
10122,
10123,0.0
10124,
10125,1971.0
10126,
10127,1978.0
10128,
10129,1975.0
10130,
10131,1968.0
10132,
10133,2001.0
10134,
10135,1986.0
10136,
10137,2011.0
10138,
10139,1976.0
10140,
10141,0.0
10142,
10143,2014.0
10144,
10145,
10146,1994.0
10147,
10148,2000.0
10149,
10150,2002.0
10151,
10152,2005.0
10153,
10154,0.0
10155,
10156,2009.0
10157,
10158,1980.0
10159,
10160,2008.0
10161,
10162,1980.0
10163,
10164,2015.0
10165,
10166,2005.0
10167,
10168,2005.0
10169,
10170,0.0
10171,
10172,2015.0
10173,
10174,
10175,
10176,1968.0
10177,1970.0
10178,
10179,2015.0
10180,
10181,2005.0
10182,
10183,1979.0
10184,
10185,1998.0
10186,
10187,2000.0
10188,
10189,2011.0
10190,
10191,1986.0
10192,
10193,0.0
10194,
10195,1998.0
10196,
10197,2018.0
10198,
10199,0.0
10200,
10201,0.0
10202,
10203,0.0
10204,
10205,1994.0
10206,
10207,1966.0
10208,
10209,1974.0
10210,
10211,1978.0
10212,
10213,2015.0
10214,
10215,1968.0
10216,
10217,2000.0
10218,
10219,1978.0
10220,
10221,2009.0
10222,
10223,0.0
10224,
10225,2000.0
10226,
10227,0.0
10228,
10229,1989.0
10230,
10231,1997.0
10232,
10233,1998.0
10234,
10235,2013.0
10236,
10237,2000.0
10238,
10239,2005.0
10240,
10241,1974.0
10242,
10243,1993.0
10244,
10245,1975.0
10246,
10247,1999.0
10248,
10249,1978.0
10250,
10251,2005.0
10252,
10253,
10254,2006.0
10255,
10256,1982.0
10257,
10258,1969.0
10259,
10260,2005.0
10261,
10262,2006.0
10263,
10264,2006.0
10265,
10266,
10267,1974.0
10268,
10269,
10270,
10271,1990.0
10272,2005.0
10273,
10274,1975.0
10275,
10276,
10277,1973.0
10278,
10279,
10280,2008.0
10281,
10282,2009.0
10283,
10284,1995.0
10285,
10286,2011.0
10287,
10288,2010.0
10289,
10290,1998.0
10291,
10292,0.0
10293,
10294,2007.0
10295,
10296,1982.0
10297,
10298,1977.0
10299,
10300,2005.0
10301,
10302,2007.0
10303,
10304,2007.0
10305,
10306,2012.0
10307,
10308,
10309,1988.0
10310,2012.0
10311,
10312,1983.0
10313,
10314,2010.0
10315,
10316,1981.0
10317,
10318,2002.0
10319,
10320,2010.0
10321,
10322,1992.0
10323,
10324,2010.0
10325,
10326,2005.0
10327,
10328,2010.0
10329,
10330,2011.0
10331,
10332,2010.0
10333,
10334,2007.0
10335,
10336,2007.0
10337,
10338,0.0
10339,
10340,1974.0
10341,
10342,
10343,
10344,0.0
10345,
10346,1986.0
10347,
10348,1984.0
10349,
10350,
10351,0.0
10352,
10353,0.0
10354,
10355,
10356,2015.0
10357,
10358,2003.0
10359,
10360,0.0
10361,
10362,2011.0
10363,
10364,1986.0
10365,
10366,2004.0
10367,
10368,0.0
10369,
10370,1975.0
10371,
10372,1998.0
10373,
10374,
10375,1969.0
10376,
10377,
10378,1976.0
10379,
10380,1972.0
10381,
10382,2017.0
10383,
10384,1987.0
10385,
10386,0.0
10387,
10388,0.0
10389,
10390,
10391,1969.0
10392,
10393,1967.0
10394,
10395,1970.0
10396,
10397,2016.0
10398,
10399,1975.0
10400,
10401,0.0
10402,
10403,2015.0
10404,
10405,2004.0
10406,
10407,1971.0
10408,
10409,
10410,0.0
10411,
10412,2015.0
10413,
10414,2012.0
10415,
10416,1982.0
10417,
10418,0.0
10419,
10420,0.0
10421,
10422,1981.0
10423,
10424,
10425,2015.0
10426,
10427,
10428,1977.0
10429,
10430,1989.0
10431,
10432,1973.0
10433,
10434,1977.0
10435,
10436,1986.0
10437,
10438,1973.0
10439,
10440,2004.0
10441,
10442,1996.0
10443,
10444,1996.0
10445,
10446,2016.0
10447,
10448,1967.0
10449,2009.0
10450,
10451,1979.0
10452,
10453,0.0
10454,
10455,1986.0
10456,
10457,0.0
10458,
10459,0.0
10460,
10461,1970.0
10462,
10463,1994.0
10464,
10465,0.0
10466,
10467,0.0
10468,
10469,1962.0
10470,
10471,1986.0
10472,
10473,1983.0
10474,
10475,1985.0
10476,
10477,1982.0
10478,
10479,1984.0
10480,
10481,0.0
10482,
10483,1994.0
10484,
10485,1970.0
10486,
10487,1961.0
10488,
10489,1960.0
10490,
10491,0.0
10492,
10493,1971.0
10494,
10495,1993.0
10496,
10497,0.0
10498,
10499,1992.0
10500,
10501,1990.0
10502,
10503,1972.0
10504,
10505,0.0
10506,
10507,2006.0
10508,
10509,1974.0
10510,
10511,0.0
10512,
10513,1982.0
10514,
10515,0.0
10516,
10517,0.0
10518,
10519,1999.0
10520,
10521,1964.0
10522,
10523,1970.0
10524,
10525,2015.0
10526,
10527,1977.0
10528,
10529,0.0
10530,
10531,1974.0
10532,
10533,0.0
10534,
10535,1967.0
10536,
10537,1981.0
10538,
10539,1999.0
10540,
10541,0.0
10542,
10543,1969.0
10544,
10545,1974.0
10546,
10547,1961.0
10548,
10549,1962.0
10550,
10551,1974.0
10552,
10553,1974.0
10554,
10555,1973.0
10556,
10557,2015.0
10558,
10559,1968.0
10560,
10561,1982.0
10562,
10563,1975.0
10564,
10565,2001.0
10566,
10567,1973.0
10568,
10569,1972.0
10570,
10571,2009.0
10572,
10573,
10574,
10575,2006.0
10576,
10577,
10578,1989.0
10579,
10580,2012.0
10581,
10582,1977.0
10583,
10584,1969.0
10585,
10586,0.0
10587,
10588,2001.0
10589,
10590,2015.0
10591,
10592,1980.0
10593,
10594,1989.0
10595,
10596,0.0
10597,
10598,1972.0
10599,
10600,
10601,0.0
10602,
10603,2015.0
10604,
10605,1964.0
10606,
10607,1974.0
10608,
10609,1979.0
10610,
10611,0.0
10612,
10613,1968.0
10614,
10615,1978.0
10616,
10617,2015.0
10618,
10619,1950.0
10620,
10621,2015.0
10622,
10623,1999.0
10624,
10625,2006.0
10626,
10627,1988.0
10628,
10629,0.0
10630,
10631,2010.0
10632,
10633,0.0
10634,
10635,2015.0
10636,
10637,1974.0
10638,
10639,1981.0
10640,
10641,2015.0
10642,
10643,1992.0
10644,
10645,1978.0
10646,
10647,0.0
10648,
10649,1969.0
10650,
10651,2011.0
10652,
10653,
10654,1973.0
10655,
10656,1999.0
10657,
10658,2009.0
10659,
10660,2013.0
10661,
10662,1999.0
10663,
10664,1989.0
10665,
10666,0.0
10667,
10668,1978.0
10669,
10670,2012.0
10671,
10672,2013.0
10673,
10674,1968.0
10675,
10676,1971.0
10677,
10678,1992.0
10679,
10680,1964.0
10681,
10682,2006.0
10683,
10684,2010.0
10685,
10686,
10687,1972.0
10688,
10689,1973.0
10690,
10691,1990.0
10692,
10693,1984.0
10694,
10695,1987.0
10696,
10697,1979.0
10698,
10699,0.0
10700,
10701,
10702,1983.0
10703,
10704,1984.0
10705,
10706,1973.0
10707,
10708,1983.0
10709,
10710,
10711,2012.0
10712,
10713,0.0
10714,
10715,0.0
10716,
10717,2015.0
10718,
10719,1992.0
10720,
10721,1999.0
10722,
10723,1978.0
10724,
10725,1969.0
10726,
10727,1973.0
10728,
10729,1970.0
10730,
10731,1994.0
10732,
10733,2015.0
10734,
10735,1972.0
10736,
10737,0.0
10738,
10739,2012.0
10740,
10741,1986.0
10742,
10743,0.0
10744,
10745,0.0
10746,
10747,
10748,
10749,0.0
10750,1975.0
10751,
10752,0.0
10753,
10754,1964.0
10755,
10756,0.0
10757,
10758,0.0
10759,
10760,2015.0
10761,
10762,
10763,0.0
10764,
10765,1977.0
10766,
10767,1966.0
10768,
10769,1986.0
10770,
10771,1965.0
10772,
10773,2009.0
10774,
10775,1975.0
10776,
10777,1977.0
10778,
10779,1969.0
10780,
10781,1979.0
10782,
10783,1990.0
10784,
10785,
10786,1965.0
10787,
10788,0.0
10789,
10790,1970.0
10791,
10792,2007.0
10793,
10794,1972.0
10795,
10796,1999.0
10797,
10798,1967.0
10799,
10800,1970.0
10801,
10802,1961.0
10803,
10804,
10805,1986.0
10806,
10807,2016.0
10808,
10809,1972.0
10810,
10811,1982.0
10812,
10813,1973.0
10814,
10815,1999.0
10816,
10817,0.0
10818,
10819,1971.0
10820,
10821,1972.0
10822,
10823,1987.0
10824,
10825,0.0
10826,
10827,0.0
10828,
10829,1984.0
10830,
10831,1970.0
10832,
10833,1969.0
10834,
10835,1964.0
10836,
10837,0.0
10838,
10839,2016.0
10840,
10841,0.0
10842,
10843,
10844,2009.0
10845,
10846,1973.0
10847,
10848,0.0
10849,
10850,2005.0
10851,
10852,1977.0
10853,
10854,0.0
10855,
10856,1994.0
10857,
10858,1976.0
10859,
10860,0.0
10861,
10862,1997.0
10863,
10864,1974.0
10865,
10866,
10867,2013.0
10868,
10869,
10870,
10871,1969.0
10872,
10873,0.0
10874,
10875,1976.0
10876,
10877,1978.0
10878,
10879,2015.0
10880,
10881,1969.0
10882,
10883,0.0
10884,
10885,2016.0
10886,
10887,2011.0
10888,
10889,
10890,0.0
10891,
10892,
10893,1990.0
10894,
10895,
10896,2016.0
10897,
10898,
10899,2003.0
10900,
10901,
10902,2014.0
10903,
10904,2010.0
10905,
10906,
10907,2011.0
10908,
10909,2017.0
10910,
10911,1973.0
10912,
10913,2016.0
10914,
10915,2000.0
10916,
10917,1982.0
10918,
10919,1977.0
10920,
10921,1986.0
10922,
10923,2012.0
10924,
10925,1975.0
10926,
10927,2010.0
10928,
10929,2009.0
10930,
10931,2011.0
10932,
10933,1996.0
10934,
10935,2013.0
10936,
10937,1989.0
10938,
10939,2007.0
10940,
10941,2007.0
10942,
10943,1978.0
10944,
10945,1997.0
10946,
10947,1999.0
10948,
10949,1964.0
10950,
10951,1968.0
10952,
10953,0.0
10954,
10955,1997.0
10956,
10957,1970.0
10958,
10959,1969.0
10960,
10961,1978.0
10962,
10963,1986.0
10964,
10965,2000.0
10966,
10967,1992.0
10968,
10969,1984.0
10970,
10971,1973.0
10972,
10973,1982.0
10974,
10975,2007.0
10976,
10977,1991.0
10978,
10979,1991.0
10980,
10981,1976.0
10982,
10983,
10984,2002.0
10985,
10986,2000.0
10987,
10988,1992.0
10989,
10990,1979.0
10991,
10992,1980.0
10993,
10994,1995.0
10995,
10996,2007.0
10997,
10998,1973.0
10999,
11000,0.0
11001,
11002,2000.0
11003,
11004,1986.0
11005,
11006,0.0
11007,
11008,1981.0
11009,
11010,1976.0
11011,
11012,
11013,1984.0
11014,
11015,1996.0
11016,
11017,1970.0
11018,
11019,1997.0
11020,
11021,1980.0
11022,
11023,2011.0
11024,
11025,1980.0
11026,
11027,2017.0
11028,
11029,1980.0
11030,
11031,2011.0
11032,
11033,2007.0
11034,
11035,1978.0
11036,
11037,1976.0
11038,
11039,1996.0
11040,
11041,0.0
11042,
11043,1967.0
11044,
11045,2000.0
11046,
11047,
11048,1966.0
11049,
11050,2007.0
11051,
11052,1977.0
11053,
11054,1975.0
11055,
11056,1990.0
11057,
11058,1974.0
11059,
11060,1977.0
11061,
11062,2014.0
11063,
11064,1986.0
11065,
11066,1966.0
11067,
11068,2011.0
11069,
11070,1980.0
11071,
11072,1983.0
11073,
11074,2016.0
11075,
11076,1972.0
11077,
11078,1972.0
11079,
11080,2014.0
11081,
11082,1996.0
11083,
11084,
11085,1991.0
11086,
11087,1984.0
11088,
11089,1986.0
11090,
11091,1980.0
11092,
11093,2011.0
11094,
11095,0.0
11096,
11097,1990.0
11098,
11099,1993.0
11100,
11101,1995.0
11102,
11103,1972.0
11104,
11105,2007.0
11106,
11107,2003.0
11108,
11109,1976.0
11110,
11111,2000.0
11112,
11113,2006.0
11114,
11115,
11116,2007.0
11117,
11118,2006.0
11119,
11120,2008.0
11121,
11122,2008.0
11123,
11124,2003.0
11125,
11126,1979.0
11127,
11128,2008.0
11129,
11130,2013.0
11131,
11132,1972.0
11133,
11134,2007.0
11135,
11136,
11137,2000.0
11138,
11139,2000.0
11140,
11141,
11142,
11143,1972.0
11144,
11145,
11146,
11147,
11148,0.0
11149,
11150,
11151,
11152,
11153,1981.0
11154,0.0
11155,
11156,
11157,
11158,2016.0
11159,2016.0
11160,
11161,1996.0
11162,
11163,2016.0
11164,
11165,1968.0
11166,
11167,0.0
11168,
11169,
11170,
11171,1984.0
11172,1969.0
11173,
11174,
11175,2011.0
11176,
11177,
11178,
11179,2006.0
11180,1991.0
11181,
11182,1980.0
11183,
11184,1995.0
11185,
11186,2013.0
11187,
11188,2000.0
11189,
11190,1995.0
11191,
11192,1996.0
11193,
11194,0.0
11195,
11196,1983.0
11197,
11198,2007.0
11199,
11200,1999.0
11201,
11202,1965.0
11203,
11204,1972.0
11205,
11206,1983.0
11207,
11208,2012.0
11209,
11210,2011.0
11211,
11212,2007.0
11213,
11214,1982.0
11215,
11216,1973.0
11217,
11218,2007.0
11219,
11220,1996.0
11221,
11222,0.0
11223,
11224,1999.0
11225,
11226,2005.0
11227,
11228,2004.0
11229,
11230,2002.0
11231,
11232,1984.0
11233,
11234,1996.0
11235,
11236,1996.0
11237,
11238,2010.0
11239,
11240,1981.0
11241,
11242,2003.0
11243,
11244,2007.0
11245,
11246,1999.0
11247,
11248,1996.0
11249,
11250,2010.0
11251,
11252,2003.0
11253,
11254,1981.0
11255,
11256,2010.0
11257,
11258,1989.0
11259,
11260,1991.0
11261,
11262,1982.0
11263,
11264,0.0
11265,
11266,0.0
11267,
11268,1996.0
11269,
11270,1995.0
11271,
11272,2016.0
11273,
11274,0.0
11275,
11276,0.0
11277,
11278,2006.0
11279,
11280,2000.0
11281,
11282,
11283,
11284,0.0
11285,1999.0
11286,
11287,2004.0
11288,
11289,2004.0
11290,
11291,
11292,2006.0
11293,
11294,0.0
11295,
11296,1968.0
11297,
11298,2011.0
11299,
11300,0.0
11301,
11302,2000.0
11303,
11304,1975.0
11305,
11306,
11307,0.0
11308,
11309,
11310,1977.0
11311,
11312,
11313,1973.0
11314,
11315,1974.0
11316,
11317,0.0
11318,
11319,1970.0
11320,
11321,
11322,2004.0
11323,
11324,2004.0
11325,
11326,2004.0
11327,
11328,2004.0
11329,
11330,1973.0
11331,
11332,2004.0
11333,
11334,0.0
11335,
11336,0.0
11337,
11338,2016.0
11339,
11340,1976.0
11341,
11342,2008.0
11343,
11344,2008.0
11345,
11346,2008.0
11347,
11348,2008.0
11349,
11350,2005.0
11351,
11352,1972.0
11353,
11354,1973.0
11355,
11356,1976.0
11357,
11358,1973.0
11359,
11360,1990.0
11361,
11362,2010.0
11363,
11364,1986.0
11365,
11366,2002.0
11367,
11368,1997.0
11369,
11370,2015.0
11371,
11372,
11373,1970.0
11374,
11375,2018.0
11376,
11377,1997.0
11378,
11379,1984.0
11380,
11381,2011.0
11382,
11383,0.0
11384,
11385,2015.0
11386,
11387,1978.0
11388,
11389,2010.0
11390,
11391,0.0
11392,
11393,0.0
11394,
11395,2000.0
11396,
11397,0.0
11398,
11399,0.0
11400,
11401,2008.0
11402,
11403,2009.0
11404,
11405,1986.0
11406,
11407,2004.0
11408,
11409,0.0
11410,
11411,1970.0
11412,
11413,
11414,0.0
11415,
11416,1968.0
11417,2004.0
11418,
11419,2004.0
11420,
11421,2004.0
11422,
11423,2006.0
11424,
11425,1985.0
11426,
11427,2004.0
11428,
11429,
11430,
11431,2012.0
11432,2013.0
11433,
11434,1965.0
11435,
11436,2003.0
11437,
11438,
11439,2016.0
11440,
11441,1994.0
11442,
11443,2003.0
11444,
11445,1996.0
11446,
11447,
11448,2015.0
11449,0.0
11450,
11451,2017.0
11452,
11453,1993.0
11454,
11455,2006.0
11456,
11457,1974.0
11458,
11459,2012.0
11460,
11461,2013.0
11462,
11463,2004.0
11464,
11465,2005.0
11466,
11467,0.0
11468,
11469,1986.0
11470,
11471,2013.0
11472,
11473,1997.0
11474,
11475,2006.0
11476,
11477,2009.0
11478,
11479,1967.0
11480,
11481,2015.0
11482,
11483,2017.0
11484,
11485,2009.0
11486,
11487,2010.0
11488,
11489,1972.0
11490,
11491,2008.0
11492,
11493,2016.0
11494,
11495,2014.0
11496,
11497,
11498,0.0
11499,
11500,1978.0
11501,
11502,2004.0
11503,
11504,2015.0
11505,
11506,2006.0
11507,
11508,2006.0
11509,
11510,
11511,2001.0
11512,
11513,2004.0
11514,
11515,2011.0
11516,
11517,1977.0
11518,
11519,2018.0
11520,
11521,1972.0
11522,
11523,
11524,1998.0
11525,
11526,
11527,2009.0
11528,
11529,1975.0
11530,
11531,1969.0
11532,
11533,1998.0
11534,
11535,1970.0
11536,
11537,2012.0
11538,
11539,1974.0
11540,
11541,1975.0
11542,
11543,
11544,1990.0
11545,
11546,2011.0
11547,
11548,1991.0
11549,
11550,1981.0
11551,
11552,1977.0
11553,
11554,0.0
11555,
11556,1991.0
11557,
11558,1979.0
11559,
11560,2008.0
11561,
11562,2018.0
11563,
11564,2008.0
11565,
11566,1992.0
11567,
11568,2002.0
11569,
11570,1990.0
11571,
11572,2014.0
11573,
11574,1995.0
11575,
11576,1970.0
11577,
11578,1974.0
11579,
11580,2002.0
11581,
11582,1993.0
11583,
11584,1979.0
11585,
11586,1967.0
11587,
11588,2015.0
11589,
11590,1979.0
11591,
11592,1997.0
11593,
11594,1998.0
11595,
11596,2000.0
11597,
11598,1976.0
11599,
11600,0.0
11601,
11602,2016.0
11603,
11604,
11605,1999.0
11606,
11607,1979.0
11608,
11609,1973.0
11610,
11611,
11612,1998.0
11613,
11614,1998.0
11615,
11616,1983.0
11617,
11618,1994.0
11619,
11620,0.0
11621,
11622,1979.0
11623,
11624,1973.0
11625,
11626,1984.0
11627,
11628,
11629,1994.0
11630,
11631,2006.0
11632,
11633,1975.0
11634,
11635,
11636,0.0
11637,
11638,2005.0
11639,
11640,1972.0
11641,
11642,2003.0
11643,
11644,2017.0
11645,
11646,0.0
11647,
11648,2008.0
11649,
11650,2016.0
11651,
11652,2007.0
11653,
11654,1980.0
11655,
11656,
11657,1974.0
11658,
11659,
11660,2016.0
11661,
11662,1975.0
11663,
11664,1985.0
11665,
11666,1975.0
11667,
11668,1986.0
11669,
11670,1973.0
11671,
11672,1985.0
11673,
11674,1975.0
11675,
11676,1989.0
11677,
11678,1977.0
11679,
11680,2012.0
11681,
11682,2008.0
11683,
11684,1997.0
11685,
11686,1986.0
11687,
11688,1985.0
11689,
11690,2004.0
11691,
11692,1979.0
11693,
11694,1979.0
11695,
11696,1979.0
11697,
11698,1977.0
11699,
11700,1980.0
11701,
11702,1979.0
11703,
11704,1989.0
11705,
11706,
11707,1972.0
11708,
11709,2011.0
11710,
11711,1973.0
11712,
11713,1994.0
11714,
11715,
11716,1968.0
11717,
11718,1987.0
11719,
11720,2006.0
11721,
11722,1977.0
11723,
11724,
11725,1969.0
11726,
11727,1978.0
11728,
11729,1998.0
11730,
11731,1975.0
11732,
11733,1972.0
11734,
11735,2001.0
11736,
11737,1981.0
11738,
11739,1980.0
11740,
11741,2003.0
11742,
11743,1992.0
11744,
11745,2018.0
11746,
11747,1972.0
11748,
11749,1999.0
11750,
11751,2017.0
11752,
11753,1971.0
11754,
11755,2013.0
11756,
11757,1983.0
11758,
